ID,Player,Team,Position,Year,Week,Home,Atts,Comps,Comp %,Yards,Yards per Att,Yards per Comp,Ints,TDs,Two Pts,Two Pt Atts,Tgt,Rec,Rec %,Yards,Yards per Tgt,Yards per Rec,Yards after Catch,TDs,Two Pts,Carries,Yards,YPC,Yards after Catch,TDs,Two Pts,Fumbles,Fumbles Lost,Fantasy Pts,passingAttsGm,passingCmpsGm,passingCmpPerGm,passingYardsGm,passingIntsGm,passingTDsGm,passingTwoPtsGm,passingTwoPtAttsGm,yardsPerAttGm,yardsPerCmpGm,receivingTargetsGm,receivingReceptionsGm,receivingYardsGm,receivingYardsAfterCatchGm,receivingTDsGm,receivingTwoPtsGm,catchPerGm,yardsPerTarGm,yardsPerCatGm,rushingAttemptsGm,rushingYardsGm,rushingYardsAfterContactGm,rushingTDsGm,rushingTwoPtsGm,yardsPerCarryGm,fumblesGm,fumblesLostGm,fantasyPtsGmattemptsTot,completionsTot,pYardsTot,interceptionsTot,pTdsTot,pTwoPtsTot,pTwoPtAttsTot,targetsTot,receptionsTot,rYardsTot,yardsAfterCatchTot,rTdsTot,rTwoPtsTot,carriesTot,ruYardsTot,yardsAfterContactTot,ruTdsTot,ruTwoPtsTot,fumblesTot,fumblesLostTot,fantasyPtsTotal
00-0019596,Tom Brady,NE,QB,2017,1,TRUE,36,16,0,267,7,16,0,0,0,0,0,0,0,0,0,0,0,0,0,2,0,0,0,0,0,0,0,10.68,36,16,2.25,267,0,0,0,0,7.416666667,16.6875,0,0,0,0,0,0,NaN,NaN,NaN,2,0,0,0,0,0,0,0,10.6836.0,16,267,0,0,0,0,0,0,0,0,0,0,2,0,0,0,0,0,0,10.68
00-0020531,Drew Brees,NO,QB,2017,1,FALSE,37,27,0,291,7,10,0,1,0,0,0,0,0,0,0,0,0,0,0,0,0,0,0,0,0,0,0,15.64,37,27,1.37037037,291,0,1,0,0,7.864864865,10.77777778,0,0,0,0,0,0,NaN,NaN,NaN,0,0,0,0,0,0,0,0,15.6437.0,27,291,0,1,0,0,0,0,0,0,0,0,0,0,0,0,0,0,0,15.64
00-0021206,Josh McCown,NYJ,QB,2017,1,FALSE,39,26,0,187,4,7,2,0,1,0,0,0,0,0,0,0,0,0,0,2,0,0,0,1,0,0,0,11.48,39,26,1.5,187,2,0,1,0,4.794871795,7.192307692,0,0,0,0,0,0,NaN,NaN,NaN,2,0,0,0,0,0,0,0,11.4839.0,26,187,2,0,1,0,0,0,0,0,0,0,2,0,0,1,0,0,0,11.48
00-0021429,Carson Palmer,ARI,QB,2017,1,FALSE,48,27,0,269,5,9,3,1,1,0,0,0,0,0,0,0,0,0,0,1,2,2,0,0,0,0,0,10.96,48,27,1.777777778,269,3,1,1,0,5.604166667,9.962962963,0,0,0,0,0,0,NaN,NaN,NaN,1,2,0,0,0,0.041666667,0,0,10.95999999999999948.0,27,269,3,1,1,0,0,0,0,0,0,0,1,2,0,0,0,0,0,10.96
00-0021547,Antonio Gates,LAC,TE,2017,1,FALSE,0,0,0,0,0,0,0,0,0,0,3,2,0,17,5,0,8,0,0,0,0,0,0,0,0,0,0,1.7,0,0,NaN,0,0,0,0,0,NaN,NaN,3,2,17,8,0,0,0.666666667,5.666666667,8.5,0,0,0,0,0,NaN,0,0,1.70000000000000020.0,0,0,0,0,0,0,3,2,17,8,0,0,0,0,0,0,0,0,0,1.7
00-0022127,Jason Witten,DAL,TE,2017,1,TRUE,0,0,0,0,0,0,0,0,0,0,9,7,0,59,6,0,12,1,0,0,0,0,0,0,0,0,0,11.9,0,0,NaN,0,0,0,0,0,NaN,NaN,9,7,59,12,1,0,0.777777778,6.555555556,8.428571429,0,0,0,1,0,NaN,0,0,11.90.0,0,0,0,0,0,0,9,7,59,12,1,0,0,0,0,0,0,0,0,11.9
00-0022803,Eli Manning,NYG,QB,2017,1,FALSE,38,29,0,220,5,7,1,0,0,0,0,0,0,0,0,0,0,0,0,1,-1,-1,0,0,0,0,0,6.7,38,29,1.310344828,220,1,0,0,0,5.789473684,7.586206897,0,0,0,0,0,0,NaN,NaN,NaN,1,-1,0,0,0,-0.026315789,0,0,6.70000000000000138.0,29,220,1,0,0,0,0,0,0,0,0,0,1,-1,0,0,0,0,0,6.7
00-0022921,Larry Fitzgerald,ARI,WR,2017,1,FALSE,0,0,0,0,0,0,0,0,0,0,13,6,0,74,5,0,44,0,0,0,0,0,0,0,0,0,0,7.4,0,0,NaN,0,0,0,0,0,NaN,NaN,13,6,74,44,0,0,0.461538462,5.692307692,12.33333333,0,0,0,0,0,NaN,0,0,7.40.0,0,0,0,0,0,0,13,6,74,44,0,0,0,0,0,0,0,0,0,7.4
00-0022924,Ben Roethlisberger,PIT,QB,2017,1,FALSE,36,24,0,263,7,10,1,2,0,0,0,0,0,0,0,0,0,0,0,3,-8,-2,0,0,0,0,0,15.72,36,24,1.5,263,1,2,0,0,7.305555556,10.95833333,0,0,0,0,0,0,NaN,NaN,NaN,3,-8,0,0,0,-0.222222222,0,0,15.71999999999999936.0,24,263,1,2,0,0,0,0,0,0,0,0,3,-8,0,0,0,0,0,15.72
00-0022942,Philip Rivers,LAC,QB,2017,1,FALSE,33,22,0,192,5,8,1,3,0,0,0,0,0,0,0,0,0,0,0,0,0,0,0,0,0,0,0,17.68,33,22,1.5,192,1,3,0,0,5.818181818,8.727272727,0,0,0,0,0,0,NaN,NaN,NaN,0,0,0,0,0,0,0,0,17.6833.0,22,192,1,3,0,0,0,0,0,0,0,0,0,0,0,0,0,0,0,17.68
00-0022943,Benjamin Watson,BAL,TE,2017,1,FALSE,0,0,0,0,0,0,0,0,0,0,1,0,0,0,0,0,0,0,0,0,0,0,0,0,0,0,0,0,0,0,NaN,0,0,0,0,0,NaN,NaN,1,0,0,0,0,0,0,0,NaN,0,0,0,0,0,NaN,0,0,0.00.0,0,0,0,0,0,0,1,0,0,0,0,0,0,0,0,0,0,0,0,0
00-0022999,John Kuhn,NO,RB,2017,1,FALSE,0,0,0,0,0,0,0,0,0,0,0,0,0,0,0,0,0,0,0,1,2,2,0,0,0,0,0,0.2,0,0,NaN,0,0,0,0,0,NaN,NaN,0,0,0,0,0,0,NaN,NaN,NaN,1,2,0,0,0,Infinity,0,0,0.20.0,0,0,0,0,0,0,0,0,0,0,0,0,1,2,0,0,0,0,0,0.2
00-0023436,Alex Smith,KC,QB,2017,1,FALSE,35,28,0,368,10,13,0,4,0,0,0,0,0,0,0,0,0,0,0,5,3,0,0,0,0,0,0,31.02,35,28,1.25,368,0,4,0,0,10.51428571,13.14285714,0,0,0,0,0,0,NaN,NaN,NaN,5,3,0,0,0,0.085714286,0,0,31.0235.0,28,368,0,4,0,0,0,0,0,0,0,0,5,3,0,0,0,0,0,31.02
00-0023459,Aaron Rodgers,GB,QB,2017,1,TRUE,42,28,0,311,7,11,1,1,0,0,0,0,0,0,0,0,0,0,0,7,21,3,0,0,0,0,0,16.54,42,28,1.5,311,1,1,0,0,7.404761905,11.10714286,0,0,0,0,0,0,NaN,NaN,NaN,7,21,0,0,0,0.5,0,0,16.5442.0,28,311,1,1,0,0,0,0,0,0,0,0,7,21,0,0,0,0,0,16.54
00-0023500,Frank Gore,IND,RB,2017,1,FALSE,0,0,0,0,0,0,0,0,0,0,1,1,1,10,10,0,14,0,0,10,42,4,0,0,0,0,0,5.2,0,0,NaN,0,0,0,0,0,NaN,NaN,1,1,10,14,0,0,1,10,10,10,42,0,0,0,Infinity,0,0,5.20.0,0,0,0,0,0,0,1,1,10,14,0,0,10,42,0,0,0,0,0,5.2
00-0023564,Darren Sproles,PHI,RB,2017,1,FALSE,0,0,0,0,0,0,0,0,0,0,8,5,0,43,5,0,43,0,0,2,2,1,0,0,0,0,0,4.5,0,0,NaN,0,0,0,0,0,NaN,NaN,8,5,43,43,0,0,0.625,5.375,8.6,2,2,0,0,0,Infinity,0,0,4.50.0,0,0,0,0,0,0,8,5,43,43,0,0,2,2,0,0,0,0,0,4.5
00-0024221,Vernon Davis,WAS,TE,2017,1,TRUE,0,0,0,0,0,0,0,0,0,0,1,0,0,0,0,0,0,0,0,0,0,0,0,0,0,0,0,0,0,0,NaN,0,0,0,0,0,NaN,NaN,1,0,0,0,0,0,0,0,NaN,0,0,0,0,0,NaN,0,0,0.00.0,0,0,0,0,0,0,1,0,0,0,0,0,0,0,0,0,0,0,0,0
00-0024243,Marcedes Lewis,JAX,TE,2017,1,FALSE,0,0,0,0,0,0,0,0,0,0,2,0,0,0,0,0,0,0,0,0,0,0,0,0,0,0,0,0,0,0,NaN,0,0,0,0,0,NaN,NaN,2,0,0,0,0,0,0,0,NaN,0,0,0,0,0,NaN,0,0,0.00.0,0,0,0,0,0,0,2,0,0,0,0,0,0,0,0,0,0,0,0,0
00-0024334,Brandon Marshall,NYG,WR,2017,1,FALSE,0,0,0,0,0,0,0,0,0,0,4,1,0,10,2,0,0,0,0,0,0,0,0,0,0,0,0,1,0,0,NaN,0,0,0,0,0,NaN,NaN,4,1,10,0,0,0,0.25,2.5,10,0,0,0,0,0,NaN,0,0,1.00.0,0,0,0,0,0,0,4,1,10,0,0,0,0,0,0,0,0,0,0,1
00-0024389,Delanie Walker,TEN,TE,2017,1,TRUE,0,0,0,0,0,0,0,0,0,0,9,7,0,76,8,0,9,0,0,0,0,0,0,0,0,0,0,7.6,0,0,NaN,0,0,0,0,0,NaN,NaN,9,7,76,9,0,0,0.777777778,8.444444444,10.85714286,0,0,0,0,0,NaN,0,0,7.60000000000000050.0,0,0,0,0,0,0,9,7,76,9,0,0,0,0,0,0,0,0,0,7.6
00-0024535,Eric Weems,TEN,WR,2017,1,TRUE,0,0,0,0,0,0,0,0,0,0,0,0,0,0,0,0,0,0,0,0,0,0,0,0,0,0,0,0,0,0,NaN,0,0,0,0,0,NaN,NaN,0,0,0,0,0,0,NaN,NaN,NaN,0,0,0,0,0,NaN,0,0,0.00.0,0,0,0,0,0,0,0,0,0,0,0,0,0,0,0,0,0,0,0,0
00-0025394,Adrian Peterson,NO,RB,2017,1,FALSE,0,0,0,0,0,0,0,0,0,0,1,0,0,0,0,0,0,0,0,6,18,3,0,0,0,0,0,1.8,0,0,NaN,0,0,0,0,0,NaN,NaN,1,0,0,0,0,0,0,0,NaN,6,18,0,0,0,Infinity,0,0,1.80.0,0,0,0,0,0,0,1,0,0,0,0,0,6,18,0,0,0,0,0,1.8
00-0025396,Ted Ginn,NO,WR,2017,1,FALSE,0,0,0,0,0,0,0,0,0,0,5,4,0,53,10,0,13,0,0,1,5,5,0,0,0,0,0,5.8,0,0,NaN,0,0,0,0,0,NaN,NaN,5,4,53,13,0,0,0.8,10.6,13.25,1,5,0,0,0,Infinity,0,0,5.8000000000000010.0,0,0,0,0,0,0,5,4,53,13,0,0,1,5,0,0,0,0,0,5.8
00-0025399,Marshawn Lynch,OAK,RB,2017,1,FALSE,0,0,0,0,0,0,0,0,0,0,2,1,0,16,8,0,18,0,0,18,76,4,0,0,0,0,0,9.2,0,0,NaN,0,0,0,0,0,NaN,NaN,2,1,16,18,0,0,0.5,8,16,18,76,0,0,0,Infinity,0,0,9.2000000000000010.0,0,0,0,0,0,0,2,1,16,18,0,0,18,76,0,0,0,0,0,9.2
00-0025418,Greg Olsen,CAR,TE,2017,1,FALSE,0,0,0,0,0,0,0,0,0,0,4,2,0,18,4,0,0,0,0,0,0,0,0,0,0,0,0,1.8,0,0,NaN,0,0,0,0,0,NaN,NaN,4,2,18,0,0,0,0.5,4.5,9,0,0,0,0,0,NaN,0,0,1.80.0,0,0,0,0,0,0,4,2,18,0,0,0,0,0,0,0,0,0,0,1.8
00-0025549,Brent Celek,PHI,TE,2017,1,FALSE,0,0,0,0,0,0,0,0,0,0,2,1,0,11,5,0,13,0,0,0,0,0,0,0,0,0,0,1.1,0,0,NaN,0,0,0,0,0,NaN,NaN,2,1,11,13,0,0,0.5,5.5,11,0,0,0,0,0,NaN,0,0,1.10.0,0,0,0,0,0,0,2,1,11,13,0,0,0,0,0,0,0,0,0,1.1
00-0026019,Danny Woodhead,BAL,RB,2017,1,FALSE,0,0,0,0,0,0,0,0,0,0,3,3,1,33,11,0,11,0,0,1,4,4,0,0,0,0,0,3.7,0,0,NaN,0,0,0,0,0,NaN,NaN,3,3,33,11,0,0,1,11,11,1,4,0,0,0,Infinity,0,0,3.70.0,0,0,0,0,0,0,3,3,33,11,0,0,1,4,0,0,0,0,0,3.7
00-0026035,Danny Amendola,NE,WR,2017,1,TRUE,0,0,0,0,0,0,0,0,0,0,7,6,0,100,14,0,49,0,0,0,0,0,0,0,0,1,0,9,0,0,NaN,0,0,0,0,0,NaN,NaN,7,6,100,49,0,0,0.857142857,14.28571429,16.66666667,0,0,0,0,0,NaN,1,0,9.00.0,0,0,0,0,0,0,7,6,100,49,0,0,0,0,0,0,0,1,0,9
00-0026143,Matt Ryan,ATL,QB,2017,1,FALSE,30,21,0,321,10,15,0,1,0,0,0,0,0,0,0,0,0,0,0,3,11,3,0,0,0,0,0,17.94,30,21,1.428571429,321,0,1,0,0,10.7,15.28571429,0,0,0,0,0,0,NaN,NaN,NaN,3,11,0,0,0,0.366666667,0,0,17.9430.0,21,321,0,1,0,0,0,0,0,0,0,0,3,11,0,0,0,0,0,17.94
00-0026153,Jonathan Stewart,CAR,RB,2017,1,FALSE,0,0,0,0,0,0,0,0,0,0,2,2,1,17,8,0,17,1,0,18,65,3,0,0,0,0,0,14.2,0,0,NaN,0,0,0,0,0,NaN,NaN,2,2,17,17,1,0,1,8.5,8.5,18,65,0,1,0,Infinity,0,0,14.20.0,0,0,0,0,0,0,2,2,17,17,1,0,18,65,0,0,0,0,0,14.2
00-0026158,Joe Flacco,BAL,QB,2017,1,FALSE,17,9,0,121,7,13,1,1,0,0,0,0,0,0,0,0,0,0,0,0,0,0,0,0,0,0,0,6.84,17,9,1.888888889,121,1,1,0,0,7.117647059,13.44444444,0,0,0,0,0,0,NaN,NaN,NaN,0,0,0,0,0,0,0,0,6.8417.0,9,121,1,1,0,0,0,0,0,0,0,0,0,0,0,0,0,0,0,6.84
00-0026176,Jordy Nelson,GB,WR,2017,1,TRUE,0,0,0,0,0,0,0,0,0,0,8,7,0,79,9,0,6,1,0,0,0,0,0,0,0,0,0,13.9,0,0,NaN,0,0,0,0,0,NaN,NaN,8,7,79,6,1,0,0.875,9.875,11.28571429,0,0,0,1,0,NaN,0,0,13.90.0,0,0,0,0,0,0,8,7,79,6,1,0,0,0,0,0,0,0,0,13.9
00-0026184,Matt Forte,NYJ,RB,2017,1,FALSE,0,0,0,0,0,0,0,0,0,0,5,3,0,20,4,0,26,0,0,6,16,2,0,0,0,0,0,3.6,0,0,NaN,0,0,0,0,0,NaN,NaN,5,3,20,26,0,0,0.6,4,6.666666667,6,16,0,0,0,Infinity,0,0,3.60.0,0,0,0,0,0,0,5,3,20,26,0,0,6,16,0,0,0,0,0,3.6
00-0026201,Martellus Bennett,GB,TE,2017,1,TRUE,0,0,0,0,0,0,0,0,0,0,6,3,0,43,7,0,26,0,0,0,0,0,0,0,0,0,0,4.3,0,0,NaN,0,0,0,0,0,NaN,NaN,6,3,43,26,0,0,0.5,7.166666667,14.33333333,0,0,0,0,0,NaN,0,0,4.30.0,0,0,0,0,0,0,6,3,43,26,0,0,0,0,0,0,0,0,0,4.3
00-0026213,Jamaal Charles,DEN,RB,2017,1,TRUE,0,0,0,0,0,0,0,0,0,0,1,0,0,0,0,0,0,0,0,10,40,4,0,0,0,1,1,2,0,0,NaN,0,0,0,0,0,NaN,NaN,1,0,0,0,0,0,0,0,NaN,10,40,0,0,0,Infinity,1,1,2.00.0,0,0,0,0,0,0,1,0,0,0,0,0,10,40,0,0,0,1,1,2
00-0026345,Pierre Garcon,SF,WR,2017,1,TRUE,0,0,0,0,0,0,0,0,0,0,10,6,0,81,8,0,43,0,0,0,0,0,0,0,0,0,0,8.1,0,0,NaN,0,0,0,0,0,NaN,NaN,10,6,81,43,0,0,0.6,8.1,13.5,0,0,0,0,0,NaN,0,0,8.10.0,0,0,0,0,0,0,10,6,81,43,0,0,0,0,0,0,0,0,0,8.1
00-0026498,Matthew Stafford,DET,QB,2017,1,TRUE,41,29,0,292,7,10,1,4,2,0,0,0,0,0,0,0,0,0,0,2,14,7,0,0,0,0,0,31.08,41,29,1.413793103,292,1,4,2,0,7.12195122,10.06896552,0,0,0,0,0,0,NaN,NaN,NaN,2,14,0,0,0,0.341463415,0,0,31.0841.0,29,292,1,4,2,0,0,0,0,0,0,0,2,14,0,0,0,0,0,31.08
00-0026625,Brian Hoyer,SF,QB,2017,1,TRUE,35,24,0,193,5,8,1,0,0,0,0,0,0,0,0,0,0,0,0,1,-5,-5,0,0,0,1,1,3.22,35,24,1.458333333,193,1,0,0,0,5.514285714,8.041666667,0,0,0,0,0,0,NaN,NaN,NaN,1,-5,0,0,0,-0.142857143,1,1,3.219999999999999835.0,24,193,1,0,0,0,0,0,0,0,0,0,1,-5,0,0,0,1,1,3.22
00-0026901,Mike Wallace,BAL,WR,2017,1,FALSE,0,0,0,0,0,0,0,0,0,0,1,1,1,8,8,0,2,0,0,0,0,0,0,0,0,0,0,0.8,0,0,NaN,0,0,0,0,0,NaN,NaN,1,1,8,2,0,0,1,8,8,0,0,0,0,0,NaN,0,0,0.80.0,0,0,0,0,0,0,1,1,8,2,0,0,0,0,0,0,0,0,0,0.8
00-0026983,Darrius Heyward-Bey,PIT,WR,2017,1,FALSE,0,0,0,0,0,0,0,0,0,0,0,0,0,0,0,0,0,0,0,0,0,0,0,0,0,0,0,0,0,0,NaN,0,0,0,0,0,NaN,NaN,0,0,0,0,0,0,NaN,NaN,NaN,0,0,0,0,0,NaN,0,0,0.00.0,0,0,0,0,0,0,0,0,0,0,0,0,0,0,0,0,0,0,0,0
00-0026986,Michael Crabtree,OAK,WR,2017,1,FALSE,0,0,0,0,0,0,0,0,0,0,7,6,0,83,11,0,33,0,0,0,0,0,0,0,0,0,0,8.3,0,0,NaN,0,0,0,0,0,NaN,NaN,7,6,83,33,0,0,0.857142857,11.85714286,13.83333333,0,0,0,0,0,NaN,0,0,8.30.0,0,0,0,0,0,0,7,6,83,33,0,0,0,0,0,0,0,0,0,8.3
00-0026995,Jeremy Maclin,BAL,WR,2017,1,FALSE,0,0,0,0,0,0,0,0,0,0,4,2,0,56,14,0,54,1,0,0,0,0,0,0,0,0,0,11.6,0,0,NaN,0,0,0,0,0,NaN,NaN,4,2,56,54,1,0,0.5,14,28,0,0,0,1,0,NaN,0,0,11.6000000000000010.0,0,0,0,0,0,0,4,2,56,54,1,0,0,0,0,0,0,0,0,11.6
00-0027006,Kenny Britt,CLE,WR,2017,1,TRUE,0,0,0,0,0,0,0,0,0,0,3,1,0,13,4,0,0,0,0,0,0,0,0,0,0,0,0,1.3,0,0,NaN,0,0,0,0,0,NaN,NaN,3,1,13,0,0,0,0.333333333,4.333333333,13,0,0,0,0,0,NaN,0,0,1.30.0,0,0,0,0,0,0,3,1,13,0,0,0,0,0,0,0,0,0,0,1.3
00-0027029,LeSean McCoy,BUF,RB,2017,1,TRUE,0,0,0,0,0,0,0,0,0,0,6,5,0,49,8,0,39,0,0,22,110,5,0,0,0,0,0,15.9,0,0,NaN,0,0,0,0,0,NaN,NaN,6,5,49,39,0,0,0.833333333,8.166666667,9.8,22,110,0,0,0,Infinity,0,0,15.90.0,0,0,0,0,0,0,6,5,49,39,0,0,22,110,0,0,0,0,0,15.9
00-0027057,Brandon Tate,BUF,WR,2017,1,TRUE,0,0,0,0,0,0,0,0,0,0,0,0,0,0,0,0,0,0,0,0,0,0,0,0,0,0,0,0,0,0,NaN,0,0,0,0,0,NaN,NaN,0,0,0,0,0,0,NaN,NaN,NaN,0,0,0,0,0,NaN,0,0,0.00.0,0,0,0,0,0,0,0,0,0,0,0,0,0,0,0,0,0,0,0,0
00-0027061,Jared Cook,OAK,TE,2017,1,FALSE,0,0,0,0,0,0,0,0,0,0,5,5,1,56,11,0,17,0,0,0,0,0,0,0,0,0,0,5.6,0,0,NaN,0,0,0,0,0,NaN,NaN,5,5,56,17,0,0,1,11.2,11.2,0,0,0,0,0,NaN,0,0,5.60000000000000050.0,0,0,0,0,0,0,5,5,56,17,0,0,0,0,0,0,0,0,0,5.6
00-0027125,Zach Miller,CHI,TE,2017,1,TRUE,0,0,0,0,0,0,0,0,0,0,6,4,0,39,6,0,13,0,0,0,0,0,0,0,0,0,0,3.9,0,0,NaN,0,0,0,0,0,NaN,NaN,6,4,39,13,0,0,0.666666667,6.5,9.75,0,0,0,0,0,NaN,0,0,3.90000000000000040.0,0,0,0,0,0,0,6,4,39,13,0,0,0,0,0,0,0,0,0,3.9
00-0027325,LeGarrette Blount,PHI,RB,2017,1,FALSE,0,0,0,0,0,0,0,0,0,0,1,1,1,1,1,0,1,1,0,14,46,3,0,0,0,0,0,10.7,0,0,NaN,0,0,0,0,0,NaN,NaN,1,1,1,1,1,0,1,1,1,14,46,0,1,0,Infinity,0,0,10.70.0,0,0,0,0,0,0,1,1,1,1,1,0,14,46,0,0,0,0,0,10.7
00-0027531,Chris Ivory,JAX,RB,2017,1,FALSE,0,0,0,0,0,0,0,0,0,0,2,1,0,11,5,0,11,0,0,9,42,4,0,0,0,0,0,5.3,0,0,NaN,0,0,0,0,0,NaN,NaN,2,1,11,11,0,0,0.5,5.5,11,9,42,0,0,0,Infinity,0,0,5.3000000000000010.0,0,0,0,0,0,0,2,1,11,11,0,0,9,42,0,0,0,0,0,5.3
00-0027654,Arrelious Benn,JAX,WR,2017,1,FALSE,0,0,0,0,0,0,0,0,0,0,1,1,1,12,12,0,2,0,0,0,0,0,0,0,0,0,0,1.2,0,0,NaN,0,0,0,0,0,NaN,NaN,1,1,12,2,0,0,1,12,12,0,0,0,0,0,NaN,0,0,1.20000000000000020.0,0,0,0,0,0,0,1,1,12,2,0,0,0,0,0,0,0,0,0,1.2
00-0027656,Rob Gronkowski,NE,TE,2017,1,TRUE,0,0,0,0,0,0,0,0,0,0,6,2,0,33,5,0,4,0,0,0,0,0,0,0,0,0,0,3.3,0,0,NaN,0,0,0,0,0,NaN,NaN,6,2,33,4,0,0,0.333333333,5.5,16.5,0,0,0,0,0,NaN,0,0,3.30000000000000030.0,0,0,0,0,0,0,6,2,33,4,0,0,0,0,0,0,0,0,0,3.3
00-0027675,Ed Dickson,CAR,TE,2017,1,FALSE,0,0,0,0,0,0,0,0,0,0,1,0,0,0,0,0,0,0,0,0,0,0,0,0,0,0,0,0,0,0,NaN,0,0,0,0,0,NaN,NaN,1,0,0,0,0,0,0,0,NaN,0,0,0,0,0,NaN,0,0,0.00.0,0,0,0,0,0,0,1,0,0,0,0,0,0,0,0,0,0,0,0,0
00-0027681,Brandon LaFell,CIN,WR,2017,1,TRUE,0,0,0,0,0,0,0,0,0,0,5,3,0,24,4,0,17,0,0,0,0,0,0,0,0,0,0,2.4,0,0,NaN,0,0,0,0,0,NaN,NaN,5,3,24,17,0,0,0.6,4.8,8,0,0,0,0,0,NaN,0,0,2.40000000000000040.0,0,0,0,0,0,0,5,3,24,17,0,0,0,0,0,0,0,0,0,2.4
00-0027685,Emmanuel Sanders,DEN,WR,2017,1,TRUE,0,0,0,0,0,0,0,0,0,0,6,3,0,26,4,0,15,0,0,0,0,0,0,0,0,0,0,2.6,0,0,NaN,0,0,0,0,0,NaN,NaN,6,3,26,15,0,0,0.5,4.333333333,8.666666667,0,0,0,0,0,NaN,0,0,2.60.0,0,0,0,0,0,0,6,3,26,15,0,0,0,0,0,0,0,0,0,2.6
00-0027690,Eric Decker,TEN,WR,2017,1,TRUE,0,0,0,0,0,0,0,0,0,0,8,3,0,10,1,0,2,0,0,0,0,0,0,0,0,0,0,1,0,0,NaN,0,0,0,0,0,NaN,NaN,8,3,10,2,0,0,0.375,1.25,3.333333333,0,0,0,0,0,NaN,0,0,1.00.0,0,0,0,0,0,0,8,3,10,2,0,0,0,0,0,0,0,0,0,1
00-0027691,Andre Roberts,ATL,WR,2017,1,FALSE,0,0,0,0,0,0,0,0,0,0,0,0,0,0,0,0,0,0,0,0,0,0,0,0,0,0,0,0,0,0,NaN,0,0,0,0,0,NaN,NaN,0,0,0,0,0,0,NaN,NaN,NaN,0,0,0,0,0,NaN,0,0,0.00.0,0,0,0,0,0,0,0,0,0,0,0,0,0,0,0,0,0,0,0,0
00-0027696,Jimmy Graham,SEA,TE,2017,1,FALSE,0,0,0,0,0,0,0,0,0,0,7,3,0,8,1,0,23,0,0,0,0,0,0,0,0,0,0,0.8,0,0,NaN,0,0,0,0,0,NaN,NaN,7,3,8,23,0,0,0.428571429,1.142857143,2.666666667,0,0,0,0,0,NaN,0,0,0.80.0,0,0,0,0,0,0,7,3,8,23,0,0,0,0,0,0,0,0,0,0.8
00-0027793,Antonio Brown,PIT,WR,2017,1,FALSE,0,0,0,0,0,0,0,0,0,0,11,11,1,182,16,0,92,0,0,0,0,0,0,0,0,1,0,17.2,0,0,NaN,0,0,0,0,0,NaN,NaN,11,11,182,92,0,0,1,16.54545455,16.54545455,0,0,0,0,0,NaN,1,0,17.20.0,0,0,0,0,0,0,11,11,182,92,0,0,0,0,0,0,0,1,0,17.2
00-0027854,Sam Bradford,MIN,QB,2017,1,TRUE,31,26,0,344,11,13,0,3,0,0,0,0,0,0,0,0,0,0,0,2,-3,-1,0,0,0,0,0,25.46,31,26,1.192307692,344,0,3,0,0,11.09677419,13.23076923,0,0,0,0,0,0,NaN,NaN,NaN,2,-3,0,0,0,-0.096774194,0,0,25.45999999999999731.0,26,344,0,3,0,0,0,0,0,0,0,0,2,-3,0,0,0,0,0,25.46
00-0027873,Jermaine Gresham,ARI,TE,2017,1,FALSE,0,0,0,0,0,0,0,0,0,0,4,3,0,15,3,0,4,0,0,0,0,0,0,0,0,0,0,1.5,0,0,NaN,0,0,0,0,0,NaN,NaN,4,3,15,4,0,0,0.75,3.75,5,0,0,0,0,0,NaN,0,0,1.50.0,0,0,0,0,0,0,4,3,15,4,0,0,0,0,0,0,0,0,0,1.5
00-0027874,Demaryius Thomas,DEN,WR,2017,1,TRUE,0,0,0,0,0,0,0,0,0,0,8,5,0,67,8,0,13,0,0,0,0,0,0,0,0,0,0,6.7,0,0,NaN,0,0,0,0,0,NaN,NaN,8,5,67,13,0,0,0.625,8.375,13.4,0,0,0,0,0,NaN,0,0,6.70.0,0,0,0,0,0,0,8,5,67,13,0,0,0,0,0,0,0,0,0,6.7
00-0027891,Golden Tate,DET,WR,2017,1,TRUE,0,0,0,0,0,0,0,0,0,0,12,10,0,107,8,0,43,0,0,2,7,3,0,0,0,0,0,11.4,0,0,NaN,0,0,0,0,0,NaN,NaN,12,10,107,43,0,0,0.833333333,8.916666667,10.7,2,7,0,0,0,Infinity,0,0,11.40.0,0,0,0,0,0,0,12,10,107,43,0,0,2,7,0,0,0,0,0,11.4
00-0027902,Dez Bryant,DAL,WR,2017,1,TRUE,0,0,0,0,0,0,0,0,0,0,9,2,0,43,4,0,27,0,0,0,0,0,0,0,0,0,0,4.3,0,0,NaN,0,0,0,0,0,NaN,NaN,9,2,43,27,0,0,0.222222222,4.777777778,21.5,0,0,0,0,0,NaN,0,0,4.30.0,0,0,0,0,0,0,9,2,43,27,0,0,0,0,0,0,0,0,0,4.3
00-0027939,Cam Newton,CAR,QB,2017,1,FALSE,25,14,0,171,6,12,1,2,0,0,0,0,0,0,0,0,0,0,0,6,3,0,0,0,0,1,0,12.14,25,14,1.785714286,171,1,2,0,0,6.84,12.21428571,0,0,0,0,0,0,NaN,NaN,NaN,6,3,0,0,0,0.12,1,0,12.1425.0,14,171,1,2,0,0,0,0,0,0,0,0,6,3,0,0,0,1,0,12.14
00-0027942,A.J. Green,CIN,WR,2017,1,TRUE,0,0,0,0,0,0,0,0,0,0,10,5,0,74,7,0,20,0,0,0,0,0,0,0,0,0,0,7.4,0,0,NaN,0,0,0,0,0,NaN,NaN,10,5,74,20,0,0,0.5,7.4,14.8,0,0,0,0,0,NaN,0,0,7.40.0,0,0,0,0,0,0,10,5,74,20,0,0,0,0,0,0,0,0,0,7.4
00-0027944,Julio Jones,ATL,WR,2017,1,FALSE,0,0,0,0,0,0,0,0,0,0,5,4,0,66,13,0,28,0,0,0,0,0,0,0,0,0,0,6.6,0,0,NaN,0,0,0,0,0,NaN,NaN,5,4,66,28,0,0,0.8,13.2,16.5,0,0,0,0,0,NaN,0,0,6.60000000000000050.0,0,0,0,0,0,0,5,4,66,28,0,0,0,0,0,0,0,0,0,6.6
00-0027966,Mark Ingram,NO,RB,2017,1,FALSE,0,0,0,0,0,0,0,0,0,0,5,5,1,54,10,0,53,0,0,6,17,2,0,0,0,0,0,7.1,0,0,NaN,0,0,0,0,0,NaN,NaN,5,5,54,53,0,0,1,10.8,10.8,6,17,0,0,0,Infinity,0,0,7.10000000000000050.0,0,0,0,0,0,0,5,5,54,53,0,0,6,17,0,0,0,0,0,7.1
00-0027973,Andy Dalton,CIN,QB,2017,1,TRUE,31,16,0,170,5,10,4,0,0,0,0,0,0,0,0,0,0,0,0,1,2,2,0,0,0,1,1,-3,31,16,1.9375,170,4,0,0,0,5.483870968,10.625,0,0,0,0,0,0,NaN,NaN,NaN,1,2,0,0,0,0.064516129,1,1,-3.031.0,16,170,4,0,0,0,0,0,0,0,0,0,1,2,0,0,0,1,1,-3
00-0027981,Kyle Rudolph,MIN,TE,2017,1,TRUE,0,0,0,0,0,0,0,0,0,0,3,3,1,26,8,0,3,1,0,0,0,0,0,0,0,0,0,8.6,0,0,NaN,0,0,0,0,0,NaN,NaN,3,3,26,3,1,0,1,8.666666667,8.666666667,0,0,0,1,0,NaN,0,0,8.60.0,0,0,0,0,0,0,3,3,26,3,1,0,0,0,0,0,0,0,0,8.6
00-0027985,Lance Kendricks,GB,TE,2017,1,TRUE,0,0,0,0,0,0,0,0,0,0,4,2,0,18,4,0,6,0,0,0,0,0,0,0,0,0,0,1.8,0,0,NaN,0,0,0,0,0,NaN,NaN,4,2,18,6,0,0,0.5,4.5,9,0,0,0,0,0,NaN,0,0,1.80.0,0,0,0,0,0,0,4,2,18,6,0,0,0,0,0,0,0,0,0,1.8
00-0027994,Shane Vereen,NYG,RB,2017,1,FALSE,0,0,0,0,0,0,0,0,0,0,10,9,0,51,5,0,42,0,0,0,0,0,0,0,0,0,0,5.1,0,0,NaN,0,0,0,0,0,NaN,NaN,10,9,51,42,0,0,0.9,5.1,5.666666667,0,0,0,0,0,NaN,0,0,5.10000000000000050.0,0,0,0,0,0,0,10,9,51,42,0,0,0,0,0,0,0,0,0,5.1
00-0027996,Torrey Smith,PHI,WR,2017,1,FALSE,0,0,0,0,0,0,0,0,0,0,3,1,0,30,10,0,15,0,0,0,0,0,0,0,0,0,0,3,0,0,NaN,0,0,0,0,0,NaN,NaN,3,1,30,15,0,0,0.333333333,10,30,0,0,0,0,0,NaN,0,0,3.00.0,0,0,0,0,0,0,3,1,30,15,0,0,0,0,0,0,0,0,0,3
00-0028002,Randall Cobb,GB,WR,2017,1,TRUE,0,0,0,0,0,0,0,0,0,0,13,9,0,85,6,0,66,0,0,0,0,0,0,0,0,0,0,8.5,0,0,NaN,0,0,0,0,0,NaN,NaN,13,9,85,66,0,0,0.692307692,6.538461538,9.444444444,0,0,0,0,0,NaN,0,0,8.50.0,0,0,0,0,0,0,13,9,85,66,0,0,0,0,0,0,0,0,0,8.5
00-0028009,DeMarco Murray,TEN,RB,2017,1,TRUE,0,0,0,0,0,0,0,0,0,0,2,2,1,16,8,0,9,0,0,12,44,3,0,0,0,0,0,6,0,0,NaN,0,0,0,0,0,NaN,NaN,2,2,16,9,0,0,1,8,8,12,44,0,0,0,Infinity,0,0,6.00.0,0,0,0,0,0,0,2,2,16,9,0,0,12,44,0,0,0,0,0,6
00-0028063,Taiwan Jones,BUF,RB,2017,1,TRUE,0,0,0,0,0,0,0,0,0,0,0,0,0,0,0,0,0,0,0,0,0,0,0,0,0,0,0,0,0,0,NaN,0,0,0,0,0,NaN,NaN,0,0,0,0,0,0,NaN,NaN,NaN,0,0,0,0,0,NaN,0,0,0.00.0,0,0,0,0,0,0,0,0,0,0,0,0,0,0,0,0,0,0,0,0
00-0028064,Bilal Powell,NYJ,RB,2017,1,FALSE,0,0,0,0,0,0,0,0,0,0,6,5,0,17,2,0,20,0,0,7,22,3,0,0,0,0,0,3.9,0,0,NaN,0,0,0,0,0,NaN,NaN,6,5,17,20,0,0,0.833333333,2.833333333,3.4,7,22,0,0,0,Infinity,0,0,3.90000000000000040.0,0,0,0,0,0,0,6,5,17,20,0,0,7,22,0,0,0,0,0,3.9
00-0028087,Dion Lewis,NE,RB,2017,1,TRUE,0,0,0,0,0,0,0,0,0,0,0,0,0,0,0,0,0,0,0,2,9,4,0,0,0,0,0,0.9,0,0,NaN,0,0,0,0,0,NaN,NaN,0,0,0,0,0,0,NaN,NaN,NaN,2,9,0,0,0,Infinity,0,0,0.90.0,0,0,0,0,0,0,0,0,0,0,0,0,2,9,0,0,0,0,0,0.9
00-0028112,Charles Clay,BUF,TE,2017,1,TRUE,0,0,0,0,0,0,0,0,0,0,9,4,0,53,5,0,24,1,0,0,0,0,0,0,0,0,0,11.3,0,0,NaN,0,0,0,0,0,NaN,NaN,9,4,53,24,1,0,0.444444444,5.888888889,13.25,0,0,0,1,0,NaN,0,0,11.30.0,0,0,0,0,0,0,9,4,53,24,1,0,0,0,0,0,0,0,0,11.3
00-0028114,Dwayne Harris,NYG,WR,2017,1,FALSE,0,0,0,0,0,0,0,0,0,0,0,0,0,0,0,0,0,0,0,0,0,0,0,0,0,0,0,0,0,0,NaN,0,0,0,0,0,NaN,NaN,0,0,0,0,0,0,NaN,NaN,NaN,0,0,0,0,0,NaN,0,0,0.00.0,0,0,0,0,0,0,0,0,0,0,0,0,0,0,0,0,0,0,0,0
00-0028116,Aldrick Robinson,SF,WR,2017,1,TRUE,0,0,0,0,0,0,0,0,0,0,2,1,0,7,3,0,3,0,0,0,0,0,0,0,0,0,0,0.7,0,0,NaN,0,0,0,0,0,NaN,NaN,2,1,7,3,0,0,0.5,3.5,7,0,0,0,0,0,NaN,0,0,0.70000000000000010.0,0,0,0,0,0,0,2,1,7,3,0,0,0,0,0,0,0,0,0,0.7
00-0028118,Tyrod Taylor,BUF,QB,2017,1,TRUE,28,16,0,224,8,14,1,2,0,0,0,0,0,0,0,0,0,0,0,8,38,4,0,0,0,0,0,18.76,28,16,1.75,224,1,2,0,0,8,14,0,0,0,0,0,0,NaN,NaN,NaN,8,38,0,0,0,1.357142857,0,0,18.7628.0,16,224,1,2,0,0,0,0,0,0,0,0,8,38,0,0,0,0,0,18.76
00-0028142,Virgil Green,DEN,TE,2017,1,TRUE,0,0,0,0,0,0,0,0,0,0,1,1,1,44,44,0,19,0,0,0,0,0,0,0,0,0,0,4.4,0,0,NaN,0,0,0,0,0,NaN,NaN,1,1,44,19,0,0,1,44,44,0,0,0,0,0,NaN,0,0,4.40.0,0,0,0,0,0,0,1,1,44,19,0,0,0,0,0,0,0,0,0,4.4
00-0028237,Chris Hogan,NE,WR,2017,1,TRUE,0,0,0,0,0,0,0,0,0,0,5,1,0,8,1,0,6,0,0,3,17,5,0,0,0,0,0,2.5,0,0,NaN,0,0,0,0,0,NaN,NaN,5,1,8,6,0,0,0.2,1.6,8,3,17,0,0,0,Infinity,0,0,2.50.0,0,0,0,0,0,0,5,1,8,6,0,0,3,17,0,0,0,0,0,2.5
00-0028263,Andre Holmes,BUF,WR,2017,1,TRUE,0,0,0,0,0,0,0,0,0,0,1,1,1,1,1,0,1,1,0,0,0,0,0,0,0,0,0,6.1,0,0,NaN,0,0,0,0,0,NaN,NaN,1,1,1,1,1,0,1,1,1,0,0,0,1,0,NaN,0,0,6.10.0,0,0,0,0,0,0,1,1,1,1,1,0,0,0,0,0,0,0,0,6.1
00-0028434,Doug Baldwin,SEA,WR,2017,1,FALSE,0,0,0,0,0,0,0,0,0,0,4,4,1,63,15,0,10,0,0,1,-3,-3,0,0,0,0,0,6,0,0,NaN,0,0,0,0,0,NaN,NaN,4,4,63,10,0,0,1,15.75,15.75,1,-3,0,0,0,#NAME?,0,0,6.0000000000000010.0,0,0,0,0,0,0,4,4,63,10,0,0,1,-3,0,0,0,0,0,6
00-0028497,Kamar Aiken,IND,WR,2017,1,FALSE,0,0,0,0,0,0,0,0,0,0,2,1,0,3,1,0,1,0,0,0,0,0,0,0,0,0,0,0.3,0,0,NaN,0,0,0,0,0,NaN,NaN,2,1,3,1,0,0,0.5,1.5,3,0,0,0,0,0,NaN,0,0,0.300000000000000040.0,0,0,0,0,0,0,2,1,3,1,0,0,0,0,0,0,0,0,0,0.3
00-0028581,Patrick DiMarco,BUF,RB,2017,1,TRUE,0,0,0,0,0,0,0,0,0,0,1,1,1,5,5,0,4,0,0,0,0,0,0,0,0,0,0,0.5,0,0,NaN,0,0,0,0,0,NaN,NaN,1,1,5,4,0,0,1,5,5,0,0,0,0,0,NaN,0,0,0.50.0,0,0,0,0,0,0,1,1,5,4,0,0,0,0,0,0,0,0,0,0.5
00-0028595,Scott Tolzien,IND,QB,2017,1,FALSE,18,9,0,128,7,14,2,0,0,0,0,0,0,0,0,0,0,0,0,2,2,1,0,0,0,1,0,0.32,18,9,2,128,2,0,0,0,7.111111111,14.22222222,0,0,0,0,0,0,NaN,NaN,NaN,2,2,0,0,0,0.111111111,1,0,0.3200000000000000618.0,9,128,2,0,0,0,0,0,0,0,0,0,2,2,0,0,0,1,0,0.32
00-0028825,Terrelle Pryor,WAS,WR,2017,1,TRUE,0,0,0,0,0,0,0,0,0,0,11,6,0,66,6,0,28,0,0,0,0,0,0,0,0,0,0,6.6,0,0,NaN,0,0,0,0,0,NaN,NaN,11,6,66,28,0,0,0.545454545,6,11,0,0,0,0,0,NaN,0,0,6.60000000000000050.0,0,0,0,0,0,0,11,6,66,28,0,0,0,0,0,0,0,0,0,6.6
00-0029000,Cole Beasley,DAL,WR,2017,1,TRUE,0,0,0,0,0,0,0,0,0,0,5,3,0,32,6,0,7,0,0,0,0,0,0,0,0,0,0,3.2,0,0,NaN,0,0,0,0,0,NaN,NaN,5,3,32,7,0,0,0.6,6.4,10.66666667,0,0,0,0,0,NaN,0,0,3.20.0,0,0,0,0,0,0,5,3,32,7,0,0,0,0,0,0,0,0,0,3.2
00-0029119,Derek Carrier,LA,TE,2017,1,TRUE,0,0,0,0,0,0,0,0,0,0,2,1,0,12,6,0,10,0,0,0,0,0,0,0,0,0,0,1.2,0,0,NaN,0,0,0,0,0,NaN,NaN,2,1,12,10,0,0,0.5,6,12,0,0,0,0,0,NaN,0,0,1.20000000000000020.0,0,0,0,0,0,0,2,1,12,10,0,0,0,0,0,0,0,0,0,1.2
00-0029137,Alshon Jeffery,PHI,WR,2017,1,FALSE,0,0,0,0,0,0,0,0,0,0,7,3,0,38,5,0,18,0,0,0,0,0,0,0,0,0,0,3.8,0,0,NaN,0,0,0,0,0,NaN,NaN,7,3,38,18,0,0,0.428571429,5.428571429,12.66666667,0,0,0,0,0,NaN,0,0,3.80000000000000030.0,0,0,0,0,0,0,7,3,38,18,0,0,0,0,0,0,0,0,0,3.8
00-0029141,Alfred Morris,DAL,RB,2017,1,TRUE,0,0,0,0,0,0,0,0,0,0,0,0,0,0,0,0,0,0,0,4,1,0,0,0,0,0,0,0.1,0,0,NaN,0,0,0,0,0,NaN,NaN,0,0,0,0,0,0,NaN,NaN,NaN,4,1,0,0,0,Infinity,0,0,0.10.0,0,0,0,0,0,0,0,0,0,0,0,0,4,1,0,0,0,0,0,0.1
00-0029159,Jermaine Kearse,NYJ,WR,2017,1,FALSE,0,0,0,0,0,0,0,0,0,0,9,7,0,59,6,0,13,0,0,0,0,0,0,0,0,0,0,5.9,0,0,NaN,0,0,0,0,0,NaN,NaN,9,7,59,13,0,0,0.777777778,6.555555556,8.428571429,0,0,0,0,0,NaN,0,0,5.90.0,0,0,0,0,0,0,9,7,59,13,0,0,0,0,0,0,0,0,0,5.9
00-0029239,Brandon Bolden,NE,RB,2017,1,TRUE,0,0,0,0,0,0,0,0,0,0,0,0,0,0,0,0,0,0,0,0,0,0,0,0,0,0,0,0,0,0,NaN,0,0,0,0,0,NaN,NaN,0,0,0,0,0,0,NaN,NaN,NaN,0,0,0,0,0,NaN,0,0,0.00.0,0,0,0,0,0,0,0,0,0,0,0,0,0,0,0,0,0,0,0,0
00-0029263,Russell Wilson,SEA,QB,2017,1,FALSE,27,14,0,158,5,11,0,0,0,0,0,0,0,0,0,0,0,0,0,2,40,20,0,0,0,1,1,8.32,27,14,1.928571429,158,0,0,0,0,5.851851852,11.28571429,0,0,0,0,0,0,NaN,NaN,NaN,2,40,0,0,0,1.481481481,1,1,8.3227.0,14,158,0,0,0,0,0,0,0,0,0,0,2,40,0,0,0,1,1,8.32
00-0029269,Travis Benjamin,LAC,WR,2017,1,FALSE,0,0,0,0,0,0,0,0,0,0,4,3,0,43,10,0,15,1,0,0,0,0,0,0,0,0,0,10.3,0,0,NaN,0,0,0,0,0,NaN,NaN,4,3,43,15,1,0,0.75,10.75,14.33333333,0,0,0,1,0,NaN,0,0,10.30.0,0,0,0,0,0,0,4,3,43,15,1,0,0,0,0,0,0,0,0,10.3
00-0029273,Robert Turbin,IND,RB,2017,1,FALSE,0,0,0,0,0,0,0,0,0,0,1,1,1,-4,-4,0,0,0,0,2,7,3,0,0,0,0,0,0.3,0,0,NaN,0,0,0,0,0,NaN,NaN,1,1,-4,0,0,0,1,-4,-4,2,7,0,0,0,Infinity,0,0,0.300000000000000040.0,0,0,0,0,0,0,1,1,-4,0,0,0,2,7,0,0,0,0,0,0.3
00-0029293,Marvin Jones,DET,WR,2017,1,TRUE,0,0,0,0,0,0,0,0,1,0,2,2,1,37,18,0,11,1,0,0,0,0,0,0,0,0,0,11.7,0,0,NaN,0,0,0,1,0,NaN,NaN,2,2,37,11,1,0,1,18.5,18.5,0,0,0,1,0,NaN,0,0,11.70.0,0,0,0,0,1,0,2,2,37,11,1,0,0,0,0,0,0,0,0,11.7
00-0029319,Josh Bellamy,CHI,WR,2017,1,TRUE,0,0,0,0,0,0,0,0,0,0,4,3,0,27,6,0,8,0,0,0,0,0,0,0,0,0,0,2.7,0,0,NaN,0,0,0,0,0,NaN,NaN,4,3,27,8,0,0,0.75,6.75,9,0,0,0,0,0,NaN,0,0,2.70.0,0,0,0,0,0,0,4,3,27,8,0,0,0,0,0,0,0,0,0,2.7
00-0029388,Deonte Thompson,CHI,WR,2017,1,TRUE,0,0,0,0,0,0,0,0,0,0,2,1,0,15,7,0,0,0,0,0,0,0,0,0,0,1,0,0.5,0,0,NaN,0,0,0,0,0,NaN,NaN,2,1,15,0,0,0,0.5,7.5,15,0,0,0,0,0,NaN,1,0,0.50.0,0,0,0,0,0,0,2,1,15,0,0,0,0,0,0,0,0,1,0,0.5
00-0029572,Jarius Wright,MIN,WR,2017,1,TRUE,0,0,0,0,0,0,0,0,0,0,2,1,0,21,10,0,4,0,0,0,0,0,0,0,0,0,0,2.1,0,0,NaN,0,0,0,0,0,NaN,NaN,2,1,21,4,0,0,0.5,10.5,21,0,0,0,0,0,NaN,0,0,2.10.0,0,0,0,0,0,0,2,1,21,4,0,0,0,0,0,0,0,0,0,2.1
00-0029580,Rishard Matthews,TEN,WR,2017,1,TRUE,0,0,0,0,0,0,0,0,0,0,9,5,0,71,7,0,14,0,0,0,0,0,0,0,0,0,0,7.1,0,0,NaN,0,0,0,0,0,NaN,NaN,9,5,71,14,0,0,0.555555556,7.888888889,14.2,0,0,0,0,0,NaN,0,0,7.10000000000000050.0,0,0,0,0,0,0,9,5,71,14,0,0,0,0,0,0,0,0,0,7.1
00-0029587,Rhett Ellison,NYG,TE,2017,1,FALSE,0,0,0,0,0,0,0,0,0,0,1,1,1,9,9,0,7,0,0,0,0,0,0,0,0,0,0,0.9,0,0,NaN,0,0,0,0,0,NaN,NaN,1,1,9,7,0,0,1,9,9,0,0,0,0,0,NaN,0,0,0.90.0,0,0,0,0,0,0,1,1,9,7,0,0,0,0,0,0,0,0,0,0.9
00-0029604,Kirk Cousins,WAS,QB,2017,1,TRUE,40,23,0,240,6,10,1,1,0,0,0,0,0,0,0,0,0,0,0,4,30,7,0,0,0,2,2,10.6,40,23,1.739130435,240,1,1,0,0,6,10.43478261,0,0,0,0,0,0,NaN,NaN,NaN,4,30,0,0,0,0.75,2,2,10.640.0,23,240,1,1,0,0,0,0,0,0,0,0,4,30,0,0,0,2,2,10.6
00-0029608,T.Y. Hilton,IND,WR,2017,1,FALSE,0,0,0,0,0,0,0,0,0,0,7,3,0,57,8,0,9,0,0,0,0,0,0,0,0,1,1,3.7,0,0,NaN,0,0,0,0,0,NaN,NaN,7,3,57,9,0,0,0.428571429,8.142857143,19,0,0,0,0,0,NaN,1,1,3.70.0,0,0,0,0,0,0,7,3,57,9,0,0,0,0,0,0,0,1,1,3.7
00-0029615,Lamar Miller,HOU,RB,2017,1,TRUE,0,0,0,0,0,0,0,0,0,0,2,2,1,31,15,0,21,0,0,17,65,3,0,0,0,0,0,9.6,0,0,NaN,0,0,0,0,0,NaN,NaN,2,2,31,21,0,0,1,15.5,15.5,17,65,0,0,0,Infinity,0,0,9.60.0,0,0,0,0,0,0,2,2,31,21,0,0,17,65,0,0,0,0,0,9.6
00-0029632,Mohamed Sanu,ATL,WR,2017,1,FALSE,0,0,0,0,0,0,0,0,0,0,9,6,0,47,5,0,8,0,0,0,0,0,0,0,0,0,0,4.7,0,0,NaN,0,0,0,0,0,NaN,NaN,9,6,47,8,0,0,0.666666667,5.222222222,7.833333333,0,0,0,0,0,NaN,0,0,4.70.0,0,0,0,0,0,0,9,6,47,8,0,0,0,0,0,0,0,0,0,4.7
00-0029640,Brian Quick,WAS,WR,2017,1,TRUE,0,0,0,0,0,0,0,0,0,0,1,1,1,11,11,0,1,0,0,0,0,0,0,0,0,0,0,1.1,0,0,NaN,0,0,0,0,0,NaN,NaN,1,1,11,1,0,0,1,11,11,0,0,0,0,0,NaN,0,0,1.10.0,0,0,0,0,0,0,1,1,11,1,0,0,0,0,0,0,0,0,0,1.1
00-0029689,Dwayne Allen,NE,TE,2017,1,TRUE,0,0,0,0,0,0,0,0,0,0,2,0,0,0,0,0,0,0,0,0,0,0,0,0,0,0,0,0,0,0,NaN,0,0,0,0,0,NaN,NaN,2,0,0,0,0,0,0,0,NaN,0,0,0,0,0,NaN,0,0,0.00.0,0,0,0,0,0,0,2,0,0,0,0,0,0,0,0,0,0,0,0,0
00-0029697,Coby Fleener,NO,TE,2017,1,FALSE,0,0,0,0,0,0,0,0,0,0,6,5,0,54,9,0,12,1,0,0,0,0,0,0,0,0,0,11.4,0,0,NaN,0,0,0,0,0,NaN,NaN,6,5,54,12,1,0,0.833333333,9,10.8,0,0,0,1,0,NaN,0,0,11.40.0,0,0,0,0,0,0,6,5,54,12,1,0,0,0,0,0,0,0,0,11.4
00-0029708,Kendall Wright,CHI,WR,2017,1,TRUE,0,0,0,0,0,0,0,0,0,0,4,3,0,34,8,0,16,0,0,0,0,0,0,0,0,0,0,3.4,0,0,NaN,0,0,0,0,0,NaN,NaN,4,3,34,16,0,0,0.75,8.5,11.33333333,0,0,0,0,0,NaN,0,0,3.40000000000000040.0,0,0,0,0,0,0,4,3,34,16,0,0,0,0,0,0,0,0,0,3.4
00-0029731,Fozzy Whittaker,CAR,RB,2017,1,FALSE,0,0,0,0,0,0,0,0,0,0,0,0,0,0,0,0,0,0,0,1,1,1,0,0,0,0,0,0.1,0,0,NaN,0,0,0,0,0,NaN,NaN,0,0,0,0,0,0,NaN,NaN,NaN,1,1,0,0,0,Infinity,0,0,0.10.0,0,0,0,0,0,0,0,0,0,0,0,0,1,1,0,0,0,0,0,0.1
00-0029740,Ifeanyi Momah,ARI,TE,2017,1,FALSE,0,0,0,0,0,0,0,0,0,0,0,0,0,0,0,0,0,0,0,0,0,0,0,0,0,0,0,0,0,0,NaN,0,0,0,0,0,NaN,NaN,0,0,0,0,0,0,NaN,NaN,NaN,0,0,0,0,0,NaN,0,0,0.00.0,0,0,0,0,0,0,0,0,0,0,0,0,0,0,0,0,0,0,0,0
00-0029795,Benny Cunningham,CHI,RB,2017,1,TRUE,0,0,0,0,0,0,0,0,0,0,0,0,0,0,0,0,0,0,0,0,0,0,0,0,0,0,0,0,0,0,NaN,0,0,0,0,0,NaN,NaN,0,0,0,0,0,0,NaN,NaN,NaN,0,0,0,0,0,NaN,0,0,0.00.0,0,0,0,0,0,0,0,0,0,0,0,0,0,0,0,0,0,0,0,0
00-0029854,C.J. Anderson,DEN,RB,2017,1,TRUE,0,0,0,0,0,0,0,0,0,0,3,1,0,7,2,0,8,0,0,20,81,4,0,0,0,0,0,8.8,0,0,NaN,0,0,0,0,0,NaN,NaN,3,1,7,8,0,0,0.333333333,2.333333333,7,20,81,0,0,0,Infinity,0,0,8.7999999999999990.0,0,0,0,0,0,0,3,1,7,8,0,0,20,81,0,0,0,0,0,8.8
00-0030035,Adam Thielen,MIN,WR,2017,1,TRUE,0,0,0,0,0,0,0,0,0,0,10,9,0,157,15,0,65,0,0,0,0,0,0,0,0,0,0,15.7,0,0,NaN,0,0,0,0,0,NaN,NaN,10,9,157,65,0,0,0.9,15.7,17.44444444,0,0,0,0,0,NaN,0,0,15.7000000000000010.0,0,0,0,0,0,0,10,9,157,65,0,0,0,0,0,0,0,0,0,15.7
00-0030061,Zach Ertz,PHI,TE,2017,1,FALSE,0,0,0,0,0,0,0,0,0,0,8,8,1,93,11,0,15,0,0,0,0,0,0,0,0,0,0,9.3,0,0,NaN,0,0,0,0,0,NaN,NaN,8,8,93,15,0,0,1,11.625,11.625,0,0,0,0,0,NaN,0,0,9.30.0,0,0,0,0,0,0,8,8,93,15,0,0,0,0,0,0,0,0,0,9.3
00-0030068,Marquise Goodwin,SF,WR,2017,1,TRUE,0,0,0,0,0,0,0,0,0,0,6,3,0,21,3,0,1,0,0,0,0,0,0,0,0,0,0,2.1,0,0,NaN,0,0,0,0,0,NaN,NaN,6,3,21,1,0,0,0.5,3.5,7,0,0,0,0,0,NaN,0,0,2.10.0,0,0,0,0,0,0,6,3,21,1,0,0,0,0,0,0,0,0,0,2.1
00-0030089,Luke Willson,SEA,TE,2017,1,FALSE,0,0,0,0,0,0,0,0,0,0,1,0,0,0,0,0,0,0,0,0,0,0,0,0,0,0,0,0,0,0,NaN,0,0,0,0,0,NaN,NaN,1,0,0,0,0,0,0,0,NaN,0,0,0,0,0,NaN,0,0,0.00.0,0,0,0,0,0,0,1,0,0,0,0,0,0,0,0,0,0,0,0,0
00-0030107,Theo Riddick,DET,RB,2017,1,TRUE,0,0,0,0,0,0,0,0,0,0,7,6,0,27,3,0,19,1,0,1,-1,-1,0,0,0,0,0,8.6,0,0,NaN,0,0,0,0,0,NaN,NaN,7,6,27,19,1,0,0.857142857,3.857142857,4.5,1,-1,0,1,0,#NAME?,0,0,8.60.0,0,0,0,0,0,0,7,6,27,19,1,0,1,-1,0,0,0,0,0,8.6
00-0030108,Ryan Griffin,HOU,TE,2017,1,TRUE,0,0,0,0,0,0,0,0,0,0,1,0,0,0,0,0,0,0,0,0,0,0,0,0,0,0,0,0,0,0,NaN,0,0,0,0,0,NaN,NaN,1,0,0,0,0,0,0,0,NaN,0,0,0,0,0,NaN,0,0,0.00.0,0,0,0,0,0,0,1,0,0,0,0,0,0,0,0,0,0,0,0,0
00-0030112,Tommy Bohanon,JAX,RB,2017,1,FALSE,0,0,0,0,0,0,0,0,0,0,1,1,1,1,1,0,0,1,0,1,0,0,0,0,0,0,0,6.1,0,0,NaN,0,0,0,0,0,NaN,NaN,1,1,1,0,1,0,1,1,1,1,0,0,1,0,NaN,0,0,6.10.0,0,0,0,0,0,0,1,1,1,0,1,0,1,0,0,0,0,0,0,6.1
00-0030117,Kerwynn Williams,ARI,RB,2017,1,FALSE,0,0,0,0,0,0,0,0,0,0,1,1,1,2,2,0,6,0,0,5,10,2,0,1,0,0,0,7.2,0,0,NaN,0,0,0,0,0,NaN,NaN,1,1,2,6,0,0,1,2,2,5,10,0,0,0,Infinity,0,0,7.20.0,0,0,0,0,0,0,1,1,2,6,0,0,5,10,0,1,0,0,0,7.2
00-0030147,Russell Shepard,CAR,WR,2017,1,FALSE,0,0,0,0,0,0,0,0,0,0,2,2,1,53,26,0,22,1,0,0,0,0,0,0,0,0,0,11.3,0,0,NaN,0,0,0,0,0,NaN,NaN,2,2,53,22,1,0,1,26.5,26.5,0,0,0,1,0,NaN,0,0,11.30.0,0,0,0,0,0,0,2,2,53,22,1,0,0,0,0,0,0,0,0,11.3
00-0030155,Demetrius Harris,KC,TE,2017,1,FALSE,0,0,0,0,0,0,0,0,0,0,2,2,1,15,7,0,4,1,0,0,0,0,0,0,0,0,0,7.5,0,0,NaN,0,0,0,0,0,NaN,NaN,2,2,15,4,1,0,1,7.5,7.5,0,0,0,1,0,NaN,0,0,7.50.0,0,0,0,0,0,0,2,2,15,4,1,0,0,0,0,0,0,0,0,7.5
00-0030181,Jack Doyle,IND,TE,2017,1,FALSE,0,0,0,0,0,0,0,0,0,0,3,2,0,41,13,0,24,0,0,0,0,0,0,0,0,0,0,4.1,0,0,NaN,0,0,0,0,0,NaN,NaN,3,2,41,24,0,0,0.666666667,13.66666667,20.5,0,0,0,0,0,NaN,0,0,4.10000000000000050.0,0,0,0,0,0,0,3,2,41,24,0,0,0,0,0,0,0,0,0,4.1
00-0030279,Keenan Allen,LAC,WR,2017,1,FALSE,0,0,0,0,0,0,0,0,0,0,10,5,0,35,3,0,6,1,0,0,0,0,0,0,0,0,0,9.5,0,0,NaN,0,0,0,0,0,NaN,NaN,10,5,35,6,1,0,0.5,3.5,7,0,0,0,1,0,NaN,0,0,9.50.0,0,0,0,0,0,0,10,5,35,6,1,0,0,0,0,0,0,0,0,9.5
00-0030287,Andre Ellington,ARI,RB,2017,1,FALSE,0,0,0,0,0,0,0,0,0,0,3,2,0,35,11,0,19,0,0,0,0,0,0,0,0,0,0,3.5,0,0,NaN,0,0,0,0,0,NaN,NaN,3,2,35,19,0,0,0.666666667,11.66666667,17.5,0,0,0,0,0,NaN,0,0,3.50.0,0,0,0,0,0,0,3,2,35,19,0,0,0,0,0,0,0,0,0,3.5
00-0030288,Rex Burkhead,NE,RB,2017,1,TRUE,0,0,0,0,0,0,0,0,0,0,3,1,0,8,2,0,7,0,0,3,15,5,0,0,0,0,0,2.3,0,0,NaN,0,0,0,0,0,NaN,NaN,3,1,8,7,0,0,0.333333333,2.666666667,8,3,15,0,0,0,Infinity,0,0,2.30.0,0,0,0,0,0,0,3,1,8,7,0,0,3,15,0,0,0,0,0,2.3
00-0030300,Jaron Brown,ARI,WR,2017,1,FALSE,0,0,0,0,0,0,0,0,0,0,0,0,0,0,0,0,0,0,0,0,0,0,0,0,0,0,0,0,0,0,NaN,0,0,0,0,0,NaN,NaN,0,0,0,0,0,0,NaN,NaN,NaN,0,0,0,0,0,NaN,0,0,0.00.0,0,0,0,0,0,0,0,0,0,0,0,0,0,0,0,0,0,0,0,0
00-0030404,Chris Thompson,WAS,RB,2017,1,TRUE,0,0,0,0,0,0,0,0,0,0,5,4,0,52,10,0,41,1,0,3,4,1,0,0,0,0,0,11.6,0,0,NaN,0,0,0,0,0,NaN,NaN,5,4,52,41,1,0,0.8,10.4,13,3,4,0,1,0,Infinity,0,0,11.60.0,0,0,0,0,0,0,5,4,52,41,1,0,3,4,0,0,0,0,0,11.6
00-0030422,Dion Sims,CHI,TE,2017,1,TRUE,0,0,0,0,0,0,0,0,0,0,3,2,0,31,10,0,20,0,0,0,0,0,0,0,0,0,0,3.1,0,0,NaN,0,0,0,0,0,NaN,NaN,3,2,31,20,0,0,0.666666667,10.33333333,15.5,0,0,0,0,0,NaN,0,0,3.10.0,0,0,0,0,0,0,3,2,31,20,0,0,0,0,0,0,0,0,0,3.1
00-0030431,Robert Woods,LA,WR,2017,1,TRUE,0,0,0,0,0,0,0,0,0,0,5,3,0,53,10,0,8,0,0,0,0,0,0,0,0,0,0,5.3,0,0,NaN,0,0,0,0,0,NaN,NaN,5,3,53,8,0,0,0.6,10.6,17.66666667,0,0,0,0,0,NaN,0,0,5.3000000000000010.0,0,0,0,0,0,0,5,3,53,8,0,0,0,0,0,0,0,0,0,5.3
00-0030433,Mike Gillislee,NE,RB,2017,1,TRUE,0,0,0,0,0,0,0,0,0,0,0,0,0,0,0,0,0,0,0,15,45,3,0,3,0,0,0,22.5,0,0,NaN,0,0,0,0,0,NaN,NaN,0,0,0,0,0,0,NaN,NaN,NaN,15,45,0,0,0,Infinity,0,0,22.50.0,0,0,0,0,0,0,0,0,0,0,0,0,15,45,0,3,0,0,0,22.5
00-0030443,Levine Toilolo,ATL,TE,2017,1,FALSE,0,0,0,0,0,0,0,0,0,0,1,0,0,0,0,0,0,0,0,0,0,0,0,0,0,0,0,0,0,0,NaN,0,0,0,0,0,NaN,NaN,1,0,0,0,0,0,0,0,NaN,0,0,0,0,0,NaN,0,0,0.00.0,0,0,0,0,0,0,1,0,0,0,0,0,0,0,0,0,0,0,0,0
00-0030456,Giovani Bernard,CIN,RB,2017,1,TRUE,0,0,0,0,0,0,0,0,0,0,2,1,0,39,19,0,41,0,0,7,40,5,0,0,0,0,0,7.9,0,0,NaN,0,0,0,0,0,NaN,NaN,2,1,39,41,0,0,0.5,19.5,39,7,40,0,0,0,Infinity,0,0,7.90.0,0,0,0,0,0,0,2,1,39,41,0,0,7,40,0,0,0,0,0,7.9
00-0030470,Vance McDonald,PIT,TE,2017,1,FALSE,0,0,0,0,0,0,0,0,0,0,1,0,0,0,0,0,0,0,0,0,0,0,0,0,0,0,0,0,0,0,NaN,0,0,0,0,0,NaN,NaN,1,0,0,0,0,0,0,0,NaN,0,0,0,0,0,NaN,0,0,0.00.0,0,0,0,0,0,0,1,0,0,0,0,0,0,0,0,0,0,0,0,0
00-0030472,Jordan Reed,WAS,TE,2017,1,TRUE,0,0,0,0,0,0,0,0,0,0,8,5,0,36,4,0,13,0,0,0,0,0,0,0,0,0,0,3.6,0,0,NaN,0,0,0,0,0,NaN,NaN,8,5,36,13,0,0,0.625,4.5,7.2,0,0,0,0,0,NaN,0,0,3.60.0,0,0,0,0,0,0,8,5,36,13,0,0,0,0,0,0,0,0,0,3.6
00-0030485,Eddie Lacy,SEA,RB,2017,1,FALSE,0,0,0,0,0,0,0,0,0,0,0,0,0,0,0,0,0,0,0,5,3,0,0,0,0,0,0,0.3,0,0,NaN,0,0,0,0,0,NaN,NaN,0,0,0,0,0,0,NaN,NaN,NaN,5,3,0,0,0,Infinity,0,0,0.300000000000000040.0,0,0,0,0,0,0,0,0,0,0,0,0,5,3,0,0,0,0,0,0.3
00-0030496,Le'Veon Bell,PIT,RB,2017,1,FALSE,0,0,0,0,0,0,0,0,0,0,6,3,0,15,2,0,21,0,0,10,32,3,0,0,0,0,0,4.7,0,0,NaN,0,0,0,0,0,NaN,NaN,6,3,15,21,0,0,0.5,2.5,5,10,32,0,0,0,Infinity,0,0,4.70.0,0,0,0,0,0,0,6,3,15,21,0,0,10,32,0,0,0,0,0,4.7
00-0030506,Travis Kelce,KC,TE,2017,1,FALSE,0,0,0,0,0,0,0,0,0,0,7,5,0,40,5,0,23,0,0,1,4,4,0,0,0,0,0,4.4,0,0,NaN,0,0,0,0,0,NaN,NaN,7,5,40,23,0,0,0.714285714,5.714285714,8,1,4,0,0,0,Infinity,0,0,4.40.0,0,0,0,0,0,0,7,5,40,23,0,0,1,4,0,0,0,0,0,4.4
00-0030513,Latavius Murray,MIN,RB,2017,1,TRUE,0,0,0,0,0,0,0,0,0,0,0,0,0,0,0,0,0,0,0,2,6,3,0,0,0,1,0,-0.4,0,0,NaN,0,0,0,0,0,NaN,NaN,0,0,0,0,0,0,NaN,NaN,NaN,2,6,0,0,0,Infinity,1,0,-0.39999999999999990.0,0,0,0,0,0,0,0,0,0,0,0,0,2,6,0,0,0,1,0,-0.4
00-0030516,Brice Butler,DAL,WR,2017,1,TRUE,0,0,0,0,0,0,0,0,0,0,3,1,0,30,10,0,0,0,0,0,0,0,0,0,0,0,0,3,0,0,NaN,0,0,0,0,0,NaN,NaN,3,1,30,0,0,0,0.333333333,10,30,0,0,0,0,0,NaN,0,0,3.00.0,0,0,0,0,0,0,3,1,30,0,0,0,0,0,0,0,0,0,0,3
00-0030520,Mike Glennon,CHI,QB,2017,1,TRUE,40,26,0,213,5,8,0,1,0,0,0,0,0,0,0,0,0,0,0,0,0,0,0,0,0,1,0,11.52,40,26,1.538461538,213,0,1,0,0,5.325,8.192307692,0,0,0,0,0,0,NaN,NaN,NaN,0,0,0,0,0,0,1,0,11.5240.0,26,213,0,1,0,0,0,0,0,0,0,0,0,0,0,0,0,1,0,11.52
00-0030525,Tavon Austin,LA,WR,2017,1,TRUE,0,0,0,0,0,0,0,0,0,0,1,1,1,7,7,0,12,0,0,2,11,5,0,0,0,1,1,-0.2,0,0,NaN,0,0,0,0,0,NaN,NaN,1,1,7,12,0,0,1,7,7,2,11,0,0,0,Infinity,1,1,-0.199999999999999730.0,0,0,0,0,0,0,1,1,7,12,0,0,2,11,0,0,0,1,1,-0.2
00-0030542,Terrance Williams,DAL,WR,2017,1,TRUE,0,0,0,0,0,0,0,0,0,0,7,6,0,68,9,0,59,0,0,0,0,0,0,0,0,0,0,6.8,0,0,NaN,0,0,0,0,0,NaN,NaN,7,6,68,59,0,0,0.857142857,9.714285714,11.33333333,0,0,0,0,0,NaN,0,0,6.8000000000000010.0,0,0,0,0,0,0,7,6,68,59,0,0,0,0,0,0,0,0,0,6.8
00-0030549,Tyler Eifert,CIN,TE,2017,1,TRUE,0,0,0,0,0,0,0,0,0,0,1,1,1,4,4,0,0,0,0,0,0,0,0,0,0,0,0,0.4,0,0,NaN,0,0,0,0,0,NaN,NaN,1,1,4,0,0,0,1,4,4,0,0,0,0,0,NaN,0,0,0.40.0,0,0,0,0,0,0,1,1,4,0,0,0,0,0,0,0,0,0,0,0.4
00-0030564,DeAndre Hopkins,HOU,WR,2017,1,TRUE,0,0,0,0,0,0,0,0,0,0,16,7,0,55,3,0,7,1,0,0,0,0,0,0,0,0,0,11.5,0,0,NaN,0,0,0,0,0,NaN,NaN,16,7,55,7,1,0,0.4375,3.4375,7.857142857,0,0,0,1,0,NaN,0,0,11.50.0,0,0,0,0,0,0,16,7,55,7,1,0,0,0,0,0,0,0,0,11.5
00-0030578,Cordarrelle Patterson,OAK,WR,2017,1,FALSE,0,0,0,0,0,0,0,0,0,0,1,1,1,2,2,0,7,0,0,1,5,5,0,0,0,0,0,0.7,0,0,NaN,0,0,0,0,0,NaN,NaN,1,1,2,7,0,0,1,2,2,1,5,0,0,0,Infinity,0,0,0.70.0,0,0,0,0,0,0,1,1,2,7,0,0,1,5,0,0,0,0,0,0.7
00-0030656,Isaiah Crowell,CLE,RB,2017,1,TRUE,0,0,0,0,0,0,0,0,1,1,2,2,1,33,16,0,35,0,1,17,33,1,0,0,1,0,0,12.6,0,0,NaN,0,0,0,1,1,NaN,NaN,2,2,33,35,0,1,1,16.5,16.5,17,33,0,0,1,Infinity,0,0,12.6000000000000010.0,0,0,0,0,1,1,2,2,33,35,0,1,17,33,0,0,1,0,0,12.6
00-0030668,Charcandrick West,KC,RB,2017,1,FALSE,0,0,0,0,0,0,0,0,0,0,1,1,1,4,4,0,3,0,0,1,21,21,0,1,0,0,0,8.5,0,0,NaN,0,0,0,0,0,NaN,NaN,1,1,4,3,0,0,1,4,4,1,21,0,0,0,Infinity,0,0,8.50.0,0,0,0,0,0,0,1,1,4,3,0,0,1,21,0,1,0,0,0,8.5
00-0030669,Albert Wilson,KC,WR,2017,1,FALSE,0,0,0,0,0,0,0,0,0,0,5,5,1,37,7,0,20,0,0,0,0,0,0,0,0,0,0,3.7,0,0,NaN,0,0,0,0,0,NaN,NaN,5,5,37,20,0,0,1,7.4,7.4,0,0,0,0,0,NaN,0,0,3.70.0,0,0,0,0,0,0,5,5,37,20,0,0,0,0,0,0,0,0,0,3.7
00-0030670,Bennie Fowler,DEN,WR,2017,1,TRUE,0,0,0,0,0,0,0,0,0,0,4,3,0,21,5,0,0,2,0,0,0,0,0,0,0,0,0,14.1,0,0,NaN,0,0,0,0,0,NaN,NaN,4,3,21,0,2,0,0.75,5.25,7,0,0,0,2,0,NaN,0,0,14.10.0,0,0,0,0,0,0,4,3,21,0,2,0,0,0,0,0,0,0,0,14.1
00-0030710,Trey Burton,PHI,TE,2017,1,FALSE,0,0,0,0,0,0,0,0,0,0,0,0,0,0,0,0,0,0,0,0,0,0,0,0,0,0,0,0,0,0,NaN,0,0,0,0,0,NaN,NaN,0,0,0,0,0,0,NaN,NaN,NaN,0,0,0,0,0,NaN,0,0,0.00.0,0,0,0,0,0,0,0,0,0,0,0,0,0,0,0,0,0,0,0,0
00-0030801,Brandon Coleman,NO,WR,2017,1,FALSE,0,0,0,0,0,0,0,0,0,0,3,2,0,13,4,0,3,0,0,0,0,0,0,0,0,0,0,1.3,0,0,NaN,0,0,0,0,0,NaN,NaN,3,2,13,3,0,0,0.666666667,4.333333333,6.5,0,0,0,0,0,NaN,0,0,1.30.0,0,0,0,0,0,0,3,2,13,3,0,0,0,0,0,0,0,0,0,1.3
00-0030821,Allen Hurns,JAX,WR,2017,1,FALSE,0,0,0,0,0,0,0,0,0,0,4,3,0,42,10,0,5,0,0,0,0,0,0,0,0,0,0,4.2,0,0,NaN,0,0,0,0,0,NaN,NaN,4,3,42,5,0,0,0.75,10.5,14,0,0,0,0,0,NaN,0,0,4.20.0,0,0,0,0,0,0,4,3,42,5,0,0,0,0,0,0,0,0,0,4.2
00-0030860,Orleans Darkwa,NYG,RB,2017,1,FALSE,0,0,0,0,0,0,0,0,0,0,1,1,1,-1,-1,0,3,0,0,3,14,4,0,0,0,0,0,1.3,0,0,NaN,0,0,0,0,0,NaN,NaN,1,1,-1,3,0,0,1,-1,-1,3,14,0,0,0,Infinity,0,0,1.30.0,0,0,0,0,0,0,1,1,-1,3,0,0,3,14,0,0,0,0,0,1.3
00-0031025,Michael Campanaro,BAL,WR,2017,1,FALSE,0,0,0,0,0,0,0,0,0,0,0,0,0,0,0,0,0,0,0,1,2,2,0,0,0,1,0,-0.8,0,0,NaN,0,0,0,0,0,NaN,NaN,0,0,0,0,0,0,NaN,NaN,NaN,1,2,0,0,0,Infinity,1,0,-0.80.0,0,0,0,0,0,0,0,0,0,0,0,0,1,2,0,0,0,1,0,-0.8
00-0031044,Troy Niklas,ARI,TE,2017,1,FALSE,0,0,0,0,0,0,0,0,0,0,2,0,0,0,0,0,0,0,0,0,0,0,0,0,0,0,0,0,0,0,NaN,0,0,0,0,0,NaN,NaN,2,0,0,0,0,0,0,0,NaN,0,0,0,0,0,NaN,0,0,0.00.0,0,0,0,0,0,0,2,0,0,0,0,0,0,0,0,0,0,0,0,0
00-0031045,Carlos Hyde,SF,RB,2017,1,TRUE,0,0,0,0,0,0,0,0,0,0,6,6,1,32,5,0,32,0,0,9,45,5,0,0,0,0,0,7.7,0,0,NaN,0,0,0,0,0,NaN,NaN,6,6,32,32,0,0,1,5.333333333,5.333333333,9,45,0,0,0,Infinity,0,0,7.70.0,0,0,0,0,0,0,6,6,32,32,0,0,9,45,0,0,0,0,0,7.7
00-0031051,John Brown,ARI,WR,2017,1,FALSE,0,0,0,0,0,0,0,0,1,0,9,4,0,32,3,0,0,0,0,1,10,10,0,0,0,0,0,6.2,0,0,NaN,0,0,0,1,0,NaN,NaN,9,4,32,0,0,0,0.444444444,3.555555556,8,1,10,0,0,0,Infinity,0,0,6.20.0,0,0,0,0,1,0,9,4,32,0,0,0,1,10,0,0,0,0,0,6.2
00-0031060,De'Anthony Thomas,KC,WR,2017,1,FALSE,0,0,0,0,0,0,0,0,0,0,1,1,1,-2,-2,0,1,0,0,1,4,4,0,0,0,0,0,0.2,0,0,NaN,0,0,0,0,0,NaN,NaN,1,1,-2,1,0,0,1,-2,-2,1,4,0,0,0,Infinity,0,0,0.20.0,0,0,0,0,0,0,1,1,-2,1,0,0,1,4,0,0,0,0,0,0.2
00-0031062,James White,NE,RB,2017,1,TRUE,0,0,0,0,0,0,0,0,0,0,5,3,0,30,6,0,29,0,0,10,38,3,0,0,0,0,0,6.8,0,0,NaN,0,0,0,0,0,NaN,NaN,5,3,30,29,0,0,0.6,6,10,10,38,0,0,0,Infinity,0,0,6.8000000000000010.0,0,0,0,0,0,0,5,3,30,29,0,0,10,38,0,0,0,0,0,6.8
00-0031064,Tom Savage,HOU,QB,2017,1,TRUE,13,7,0,62,4,8,0,0,0,0,0,0,0,0,0,0,0,0,0,0,0,0,0,0,0,2,2,-1.52,13,7,1.857142857,62,0,0,0,0,4.769230769,8.857142857,0,0,0,0,0,0,NaN,NaN,NaN,0,0,0,0,0,0,2,2,-1.5213.0,7,62,0,0,0,0,0,0,0,0,0,0,0,0,0,0,0,2,2,-1.52
00-0031068,Ryan Grant,WAS,WR,2017,1,TRUE,0,0,0,0,0,0,0,0,0,0,6,4,0,61,10,0,44,0,0,0,0,0,0,0,0,0,0,6.1,0,0,NaN,0,0,0,0,0,NaN,NaN,6,4,61,44,0,0,0.666666667,10.16666667,15.25,0,0,0,0,0,NaN,0,0,6.10000000000000050.0,0,0,0,0,0,0,6,4,61,44,0,0,0,0,0,0,0,0,0,6.1
00-0031166,Seth Roberts,OAK,WR,2017,1,FALSE,0,0,0,0,0,0,0,0,0,0,1,1,1,19,19,0,0,1,0,0,0,0,0,0,0,0,0,7.9,0,0,NaN,0,0,0,0,0,NaN,NaN,1,1,19,0,1,0,1,19,19,0,0,0,1,0,NaN,0,0,7.90.0,0,0,0,0,0,0,1,1,19,0,1,0,0,0,0,0,0,0,0,7.9
00-0031189,T.J. Jones,DET,WR,2017,1,TRUE,0,0,0,0,0,0,0,0,0,0,4,2,0,32,8,0,0,0,0,0,0,0,0,0,0,0,0,3.2,0,0,NaN,0,0,0,0,0,NaN,NaN,4,2,32,0,0,0,0.5,8,16,0,0,0,0,0,NaN,0,0,3.20.0,0,0,0,0,0,0,4,2,32,0,0,0,0,0,0,0,0,0,0,3.2
00-0031228,Taylor Gabriel,ATL,WR,2017,1,FALSE,0,0,0,0,0,0,0,0,0,0,4,3,0,36,9,0,6,0,0,0,0,0,0,0,0,0,0,3.6,0,0,NaN,0,0,0,0,0,NaN,NaN,4,3,36,6,0,0,0.75,9,12,0,0,0,0,0,NaN,0,0,3.60.0,0,0,0,0,0,0,4,3,36,6,0,0,0,0,0,0,0,0,0,3.6
00-0031236,Brandin Cooks,NE,WR,2017,1,TRUE,0,0,0,0,0,0,0,0,0,0,7,3,0,88,12,0,17,0,0,0,0,0,0,0,0,0,0,8.8,0,0,NaN,0,0,0,0,0,NaN,NaN,7,3,88,17,0,0,0.428571429,12.57142857,29.33333333,0,0,0,0,0,NaN,0,0,8.80.0,0,0,0,0,0,0,7,3,88,17,0,0,0,0,0,0,0,0,0,8.8
00-0031257,Paul Richardson,SEA,WR,2017,1,FALSE,0,0,0,0,0,0,0,0,0,0,7,4,0,59,8,0,0,0,0,0,0,0,0,0,0,0,0,5.9,0,0,NaN,0,0,0,0,0,NaN,NaN,7,4,59,0,0,0,0.571428571,8.428571429,14.75,0,0,0,0,0,NaN,0,0,5.90.0,0,0,0,0,0,0,7,4,59,0,0,0,0,0,0,0,0,0,0,5.9
00-0031277,Branden Oliver,LAC,RB,2017,1,FALSE,0,0,0,0,0,0,0,0,0,0,1,0,0,0,0,0,0,0,0,4,10,2,0,0,0,0,0,1,0,0,NaN,0,0,0,0,0,NaN,NaN,1,0,0,0,0,0,0,0,NaN,4,10,0,0,0,Infinity,0,0,1.00.0,0,0,0,0,0,0,1,0,0,0,0,0,4,10,0,0,0,0,0,1
00-0031280,Derek Carr,OAK,QB,2017,1,FALSE,32,22,0,262,8,11,0,2,0,0,0,0,0,0,0,0,0,0,0,2,2,1,0,0,0,0,0,18.68,32,22,1.454545455,262,0,2,0,0,8.1875,11.90909091,0,0,0,0,0,0,NaN,NaN,NaN,2,2,0,0,0,0.0625,0,0,18.6832.0,22,262,0,2,0,0,0,0,0,0,0,0,2,2,0,0,0,0,0,18.68
00-0031285,Devonta Freeman,ATL,RB,2017,1,FALSE,0,0,0,0,0,0,0,0,0,0,2,2,1,2,1,0,4,0,0,12,37,3,0,1,0,0,0,9.9,0,0,NaN,0,0,0,0,0,NaN,NaN,2,2,2,4,0,0,1,1,1,12,37,0,0,0,Infinity,0,0,9.90.0,0,0,0,0,0,0,2,2,2,4,0,0,12,37,0,1,0,0,0,9.9
00-0031299,Jordan Matthews,BUF,WR,2017,1,TRUE,0,0,0,0,0,0,0,0,0,0,3,2,0,61,20,0,42,0,0,0,0,0,0,0,0,0,0,6.1,0,0,NaN,0,0,0,0,0,NaN,NaN,3,2,61,42,0,0,0.666666667,20.33333333,30.5,0,0,0,0,0,NaN,0,0,6.10000000000000050.0,0,0,0,0,0,0,3,2,61,42,0,0,0,0,0,0,0,0,0,6.1
00-0031301,Jeremy Hill,CIN,RB,2017,1,TRUE,0,0,0,0,0,0,0,0,0,0,1,1,1,-2,-2,0,3,0,0,6,26,4,0,0,0,0,0,2.4,0,0,NaN,0,0,0,0,0,NaN,NaN,1,1,-2,3,0,0,1,-2,-2,6,26,0,0,0,Infinity,0,0,2.40.0,0,0,0,0,0,0,1,1,-2,3,0,0,6,26,0,0,0,0,0,2.4
00-0031302,C.J. Fiedorowicz,HOU,TE,2017,1,TRUE,0,0,0,0,0,0,0,0,0,0,4,4,1,46,11,0,15,0,0,0,0,0,0,0,0,0,0,4.6,0,0,NaN,0,0,0,0,0,NaN,NaN,4,4,46,15,0,0,1,11.5,11.5,0,0,0,0,0,NaN,0,0,4.60000000000000050.0,0,0,0,0,0,0,4,4,46,15,0,0,0,0,0,0,0,0,0,4.6
00-0031315,Matt Hazel,IND,WR,2017,1,FALSE,0,0,0,0,0,0,0,0,0,0,1,1,1,1,1,0,2,0,0,0,0,0,0,0,0,0,0,0.1,0,0,NaN,0,0,0,0,0,NaN,NaN,1,1,1,2,0,0,1,1,1,0,0,0,0,0,NaN,0,0,0.10.0,0,0,0,0,0,0,1,1,1,2,0,0,0,0,0,0,0,0,0,0.1
00-0031325,Sammy Watkins,LA,WR,2017,1,TRUE,0,0,0,0,0,0,0,0,0,0,5,5,1,58,11,0,27,0,0,0,0,0,0,0,0,0,0,5.8,0,0,NaN,0,0,0,0,0,NaN,NaN,5,5,58,27,0,0,1,11.6,11.6,0,0,0,0,0,NaN,0,0,5.8000000000000010.0,0,0,0,0,0,0,5,5,58,27,0,0,0,0,0,0,0,0,0,5.8
00-0031326,Bruce Ellington,HOU,WR,2017,1,TRUE,0,0,0,0,0,0,0,0,0,0,2,0,0,0,0,0,0,0,0,0,0,0,0,0,0,0,0,0,0,0,NaN,0,0,0,0,0,NaN,NaN,2,0,0,0,0,0,0,0,NaN,0,0,0,0,0,NaN,0,0,0.00.0,0,0,0,0,0,0,2,0,0,0,0,0,0,0,0,0,0,0,0,0
00-0031339,Donte Moncrief,IND,WR,2017,1,FALSE,0,0,0,0,0,0,0,0,0,0,4,1,0,50,12,0,2,0,0,0,0,0,0,0,0,0,0,5,0,0,NaN,0,0,0,0,0,NaN,NaN,4,1,50,2,0,0,0.25,12.5,50,0,0,0,0,0,NaN,0,0,5.00.0,0,0,0,0,0,0,4,1,50,2,0,0,0,0,0,0,0,0,0,5
00-0031344,Cody Latimer,DEN,WR,2017,1,TRUE,0,0,0,0,0,0,0,0,0,0,0,0,0,0,0,0,0,0,0,0,0,0,0,0,0,0,0,0,0,0,NaN,0,0,0,0,0,NaN,NaN,0,0,0,0,0,0,NaN,NaN,NaN,0,0,0,0,0,NaN,0,0,0.00.0,0,0,0,0,0,0,0,0,0,0,0,0,0,0,0,0,0,0,0,0
00-0031359,Kelvin Benjamin,CAR,WR,2017,1,FALSE,0,0,0,0,0,0,0,0,0,0,5,1,0,25,5,0,4,0,0,0,0,0,0,0,0,0,0,2.5,0,0,NaN,0,0,0,0,0,NaN,NaN,5,1,25,4,0,0,0.2,5,25,0,0,0,0,0,NaN,0,0,2.50.0,0,0,0,0,0,0,5,1,25,4,0,0,0,0,0,0,0,0,0,2.5
00-0031373,Martavis Bryant,PIT,WR,2017,1,FALSE,0,0,0,0,0,0,0,0,0,0,6,2,0,14,2,0,3,0,0,0,0,0,0,0,0,0,0,1.4,0,0,NaN,0,0,0,0,0,NaN,NaN,6,2,14,3,0,0,0.333333333,2.333333333,7,0,0,0,0,0,NaN,0,0,1.40000000000000010.0,0,0,0,0,0,0,6,2,14,3,0,0,0,0,0,0,0,0,0,1.4
00-0031375,Terrance West,BAL,RB,2017,1,FALSE,0,0,0,0,0,0,0,0,0,0,1,0,0,0,0,0,0,0,0,19,80,4,0,1,0,0,0,14,0,0,NaN,0,0,0,0,0,NaN,NaN,1,0,0,0,0,0,0,0,NaN,19,80,0,0,0,Infinity,0,0,14.00.0,0,0,0,0,0,0,1,0,0,0,0,0,19,80,0,1,0,0,0,14
00-0031376,Jerick McKinnon,MIN,RB,2017,1,TRUE,0,0,0,0,0,0,0,0,0,0,3,3,1,32,10,0,41,0,0,3,5,1,0,0,0,0,0,3.7,0,0,NaN,0,0,0,0,0,NaN,NaN,3,3,32,41,0,0,1,10.66666667,10.66666667,3,5,0,0,0,Infinity,0,0,3.70.0,0,0,0,0,0,0,3,3,32,41,0,0,3,5,0,0,0,0,0,3.7
00-0031381,Davante Adams,GB,WR,2017,1,TRUE,0,0,0,0,0,0,0,0,0,0,7,3,0,47,6,0,16,0,0,0,0,0,0,0,0,0,0,4.7,0,0,NaN,0,0,0,0,0,NaN,NaN,7,3,47,16,0,0,0.428571429,6.714285714,15.66666667,0,0,0,0,0,NaN,0,0,4.70.0,0,0,0,0,0,0,7,3,47,16,0,0,0,0,0,0,0,0,0,4.7
00-0031387,Eric Ebron,DET,TE,2017,1,TRUE,0,0,0,0,0,0,0,0,0,0,3,2,0,9,3,0,4,0,0,0,0,0,0,0,0,0,0,0.9,0,0,NaN,0,0,0,0,0,NaN,NaN,3,2,9,4,0,0,0.666666667,3,4.5,0,0,0,0,0,NaN,0,0,0.90.0,0,0,0,0,0,0,3,2,9,4,0,0,0,0,0,0,0,0,0,0.9
00-0031407,Blake Bortles,JAX,QB,2017,1,FALSE,21,11,0,125,5,11,0,1,0,0,0,0,0,0,0,0,0,0,0,3,13,4,0,0,0,0,0,10.3,21,11,1.909090909,125,0,1,0,0,5.952380952,11.36363636,0,0,0,0,0,0,NaN,NaN,NaN,3,13,0,0,0,0.619047619,0,0,10.321.0,11,125,0,1,0,0,0,0,0,0,0,0,3,13,0,0,0,0,0,10.3
00-0031428,Allen Robinson,JAX,WR,2017,1,FALSE,0,0,0,0,0,0,0,0,0,0,1,1,1,17,17,0,2,0,0,0,0,0,0,0,0,0,0,1.7,0,0,NaN,0,0,0,0,0,NaN,NaN,1,1,17,2,0,0,1,17,17,0,0,0,0,0,NaN,0,0,1.70000000000000020.0,0,0,0,0,0,0,1,1,17,2,0,0,0,0,0,0,0,0,0,1.7
00-0031431,Marqise Lee,JAX,WR,2017,1,FALSE,0,0,0,0,0,0,0,0,0,0,4,0,0,0,0,0,0,0,0,0,0,0,0,0,0,0,0,0,0,0,NaN,0,0,0,0,0,NaN,NaN,4,0,0,0,0,0,0,0,NaN,0,0,0,0,0,NaN,0,0,0.00.0,0,0,0,0,0,0,4,0,0,0,0,0,0,0,0,0,0,0,0,0
00-0031514,Quan Bray,IND,WR,2017,1,FALSE,0,0,0,0,0,0,0,0,0,0,1,0,0,0,0,0,0,0,0,0,0,0,0,0,0,0,0,0,0,0,NaN,0,0,0,0,0,NaN,NaN,1,0,0,0,0,0,0,0,NaN,0,0,0,0,0,NaN,0,0,0.00.0,0,0,0,0,0,0,1,0,0,0,0,0,0,0,0,0,0,0,0,0
00-0031544,Amari Cooper,OAK,WR,2017,1,FALSE,0,0,0,0,0,0,0,0,0,0,13,5,0,62,4,0,42,1,0,0,0,0,0,0,0,0,0,12.2,0,0,NaN,0,0,0,0,0,NaN,NaN,13,5,62,42,1,0,0.384615385,4.769230769,12.4,0,0,0,1,0,NaN,0,0,12.20.0,0,0,0,0,0,0,13,5,62,42,1,0,0,0,0,0,0,0,0,12.2
00-0031545,Kevin White,CHI,WR,2017,1,TRUE,0,0,0,0,0,0,0,0,0,0,4,2,0,6,1,0,2,0,0,0,0,0,0,0,0,0,0,0.6,0,0,NaN,0,0,0,0,0,NaN,NaN,4,2,6,2,0,0,0.5,1.5,3,0,0,0,0,0,NaN,0,0,0.60000000000000010.0,0,0,0,0,0,0,4,2,6,2,0,0,0,0,0,0,0,0,0,0.6
00-0031549,Nelson Agholor,PHI,WR,2017,1,FALSE,0,0,0,0,0,0,0,0,0,0,8,6,0,86,10,0,35,1,0,0,0,0,0,0,0,0,0,14.6,0,0,NaN,0,0,0,0,0,NaN,NaN,8,6,86,35,1,0,0.75,10.75,14.33333333,0,0,0,1,0,NaN,0,0,14.60.0,0,0,0,0,0,0,8,6,86,35,1,0,0,0,0,0,0,0,0,14.6
00-0031558,Maxx Williams,BAL,TE,2017,1,FALSE,0,0,0,0,0,0,0,0,0,0,1,1,1,5,5,0,9,0,0,0,0,0,0,0,0,0,0,0.5,0,0,NaN,0,0,0,0,0,NaN,NaN,1,1,5,9,0,0,1,5,5,0,0,0,0,0,NaN,0,0,0.50.0,0,0,0,0,0,0,1,1,5,9,0,0,0,0,0,0,0,0,0,0.5
00-0031577,Javorius Allen,BAL,RB,2017,1,FALSE,0,0,0,0,0,0,0,0,0,0,1,0,0,0,0,0,0,0,0,21,71,3,0,0,0,0,0,7.1,0,0,NaN,0,0,0,0,0,NaN,NaN,1,0,0,0,0,0,0,0,NaN,21,71,0,0,0,Infinity,0,0,7.10000000000000050.0,0,0,0,0,0,0,1,0,0,0,0,0,21,71,0,0,0,0,0,7.1
00-0031588,Stefon Diggs,MIN,WR,2017,1,TRUE,0,0,0,0,0,0,0,0,0,0,7,6,0,91,13,0,18,2,0,1,-6,-6,0,0,0,0,0,20.5,0,0,NaN,0,0,0,0,0,NaN,NaN,7,6,91,18,2,0,0.857142857,13,15.16666667,1,-6,0,2,0,#NAME?,0,0,20.50.0,0,0,0,0,0,0,7,6,91,18,2,0,1,-6,0,0,0,0,0,20.5
00-0031595,Michael Burton,CHI,RB,2017,1,TRUE,0,0,0,0,0,0,0,0,0,0,0,0,0,0,0,0,0,0,0,1,7,7,0,0,0,0,0,0.7,0,0,NaN,0,0,0,0,0,NaN,NaN,0,0,0,0,0,0,NaN,NaN,NaN,1,7,0,0,0,Infinity,0,0,0.70000000000000010.0,0,0,0,0,0,0,0,0,0,0,0,0,1,7,0,0,0,0,0,0.7
00-0031598,Nick Boyle,BAL,TE,2017,1,FALSE,0,0,0,0,0,0,0,0,0,0,1,1,1,14,14,0,14,0,0,0,0,0,0,0,0,0,0,1.4,0,0,NaN,0,0,0,0,0,NaN,NaN,1,1,14,14,0,0,1,14,14,0,0,0,0,0,NaN,0,0,1.40000000000000010.0,0,0,0,0,0,0,1,1,14,14,0,0,0,0,0,0,0,0,0,1.4
00-0031609,A.J. Derby,DEN,TE,2017,1,TRUE,0,0,0,0,0,0,0,0,0,0,3,3,1,34,11,0,14,0,0,0,0,0,0,0,0,0,0,3.4,0,0,NaN,0,0,0,0,0,NaN,NaN,3,3,34,14,0,0,1,11.33333333,11.33333333,0,0,0,0,0,NaN,0,0,3.40000000000000040.0,0,0,0,0,0,0,3,3,34,14,0,0,0,0,0,0,0,0,0,3.4
00-0031687,Raheem Mostert,SF,RB,2017,1,TRUE,0,0,0,0,0,0,0,0,0,0,0,0,0,0,0,0,0,0,0,0,0,0,0,0,0,0,0,0,0,0,NaN,0,0,0,0,0,NaN,NaN,0,0,0,0,0,0,NaN,NaN,NaN,0,0,0,0,0,NaN,0,0,0.00.0,0,0,0,0,0,0,0,0,0,0,0,0,0,0,0,0,0,0,0,0
00-0031690,Eric Tomlinson,NYJ,TE,2017,1,FALSE,0,0,0,0,0,0,0,0,0,0,2,2,1,25,12,0,5,0,0,0,0,0,0,0,0,0,0,2.5,0,0,NaN,0,0,0,0,0,NaN,NaN,2,2,25,5,0,0,1,12.5,12.5,0,0,0,0,0,NaN,0,0,2.50.0,0,0,0,0,0,0,2,2,25,5,0,0,0,0,0,0,0,0,0,2.5
00-0031782,Eli Rogers,PIT,WR,2017,1,FALSE,0,0,0,0,0,0,0,0,0,0,4,2,0,11,2,0,7,0,0,0,0,0,0,0,0,0,0,1.1,0,0,NaN,0,0,0,0,0,NaN,NaN,4,2,11,7,0,0,0.5,2.75,5.5,0,0,0,0,0,NaN,0,0,1.10.0,0,0,0,0,0,0,4,2,11,7,0,0,0,0,0,0,0,0,0,1.1
00-0031806,Malcolm Brown,LA,RB,2017,1,TRUE,0,0,0,0,0,0,0,0,0,0,0,0,0,0,0,0,0,0,0,7,16,2,0,1,0,0,0,7.6,0,0,NaN,0,0,0,0,0,NaN,NaN,0,0,0,0,0,0,NaN,NaN,NaN,7,16,0,0,0,Infinity,0,0,7.60.0,0,0,0,0,0,0,0,0,0,0,0,0,7,16,0,1,0,0,0,7.6
00-0031868,Damiere Byrd,CAR,WR,2017,1,FALSE,0,0,0,0,0,0,0,0,0,0,1,0,0,0,0,0,0,0,0,0,0,0,0,0,0,0,0,0,0,0,NaN,0,0,0,0,0,NaN,NaN,1,0,0,0,0,0,0,0,NaN,0,0,0,0,0,NaN,0,0,0.00.0,0,0,0,0,0,0,1,0,0,0,0,0,0,0,0,0,0,0,0,0
00-0031941,Jamison Crowder,WAS,WR,2017,1,TRUE,0,0,0,0,0,0,0,0,0,0,7,3,0,14,2,0,3,0,0,0,0,0,0,0,0,1,1,-0.6,0,0,NaN,0,0,0,0,0,NaN,NaN,7,3,14,3,0,0,0.428571429,2,4.666666667,0,0,0,0,0,NaN,1,1,-0.59999999999999990.0,0,0,0,0,0,0,7,3,14,3,0,0,0,0,0,0,0,1,1,-0.6
00-0031951,James O'Shaughnessy,JAX,TE,2017,1,FALSE,0,0,0,0,0,0,0,0,0,0,1,1,1,18,18,0,13,0,0,0,0,0,0,0,0,0,0,1.8,0,0,NaN,0,0,0,0,0,NaN,NaN,1,1,18,13,0,0,1,18,18,0,0,0,0,0,NaN,0,0,1.80.0,0,0,0,0,0,0,1,1,18,13,0,0,0,0,0,0,0,0,0,1.8
00-0032004,Will Tye,NYJ,TE,2017,1,FALSE,0,0,0,0,0,0,0,0,0,0,3,3,1,34,11,0,19,0,0,0,0,0,0,0,0,0,0,3.4,0,0,NaN,0,0,0,0,0,NaN,NaN,3,3,34,19,0,0,1,11.33333333,11.33333333,0,0,0,0,0,NaN,0,0,3.40000000000000040.0,0,0,0,0,0,0,3,3,34,19,0,0,0,0,0,0,0,0,0,3.4
00-0032054,Breshad Perriman,BAL,WR,2017,1,FALSE,0,0,0,0,0,0,0,0,0,0,4,1,0,5,1,0,0,0,0,0,0,0,0,0,0,0,0,0.5,0,0,NaN,0,0,0,0,0,NaN,NaN,4,1,5,0,0,0,0.25,1.25,5,0,0,0,0,0,NaN,0,0,0.50.0,0,0,0,0,0,0,4,1,5,0,0,0,0,0,0,0,0,0,0,0.5
00-0032055,Devin Funchess,CAR,WR,2017,1,FALSE,0,0,0,0,0,0,0,0,0,0,2,2,1,20,10,0,5,0,0,0,0,0,0,0,0,0,0,2,0,0,NaN,0,0,0,0,0,NaN,NaN,2,2,20,5,0,0,1,10,10,0,0,0,0,0,NaN,0,0,2.00.0,0,0,0,0,0,0,2,2,20,5,0,0,0,0,0,0,0,0,0,2
00-0032058,Tevin Coleman,ATL,RB,2017,1,FALSE,0,0,0,0,0,0,0,0,0,0,6,4,0,42,7,0,29,0,0,8,16,2,0,0,0,0,0,5.8,0,0,NaN,0,0,0,0,0,NaN,NaN,6,4,42,29,0,0,0.666666667,7,10.5,8,16,0,0,0,Infinity,0,0,5.8000000000000010.0,0,0,0,0,0,0,6,4,42,29,0,0,8,16,0,0,0,0,0,5.8
00-0032104,Ameer Abdullah,DET,RB,2017,1,TRUE,0,0,0,0,0,0,0,0,0,0,4,3,0,11,2,0,6,0,0,15,30,2,0,0,0,0,0,4.1,0,0,NaN,0,0,0,0,0,NaN,NaN,4,3,11,6,0,0,0.75,2.75,3.666666667,15,30,0,0,0,Infinity,0,0,4.10.0,0,0,0,0,0,0,4,3,11,6,0,0,15,30,0,0,0,0,0,4.1
00-0032112,J.J. Nelson,ARI,WR,2017,1,FALSE,0,0,0,0,0,0,0,0,0,0,6,5,0,43,7,0,0,1,0,0,0,0,0,0,0,0,0,10.3,0,0,NaN,0,0,0,0,0,NaN,NaN,6,5,43,0,1,0,0.833333333,7.166666667,8.6,0,0,0,1,0,NaN,0,0,10.30.0,0,0,0,0,0,0,6,5,43,0,1,0,0,0,0,0,0,0,0,10.3
00-0032117,Nick O'Leary,BUF,TE,2017,1,TRUE,0,0,0,0,0,0,0,0,0,0,2,1,0,22,11,0,15,0,0,0,0,0,0,0,0,0,0,2.2,0,0,NaN,0,0,0,0,0,NaN,NaN,2,1,22,15,0,0,0.5,11,22,0,0,0,0,0,NaN,0,0,2.20.0,0,0,0,0,0,0,2,1,22,15,0,0,0,0,0,0,0,0,0,2.2
00-0032128,Chris Conley,KC,WR,2017,1,FALSE,0,0,0,0,0,0,0,0,0,0,4,2,0,43,10,0,19,0,0,0,0,0,0,0,0,0,0,4.3,0,0,NaN,0,0,0,0,0,NaN,NaN,4,2,43,19,0,0,0.5,10.75,21.5,0,0,0,0,0,NaN,0,0,4.30.0,0,0,0,0,0,0,4,2,43,19,0,0,0,0,0,0,0,0,0,4.3
00-0032135,Jesse James,PIT,TE,2017,1,FALSE,0,0,0,0,0,0,0,0,0,0,8,6,0,41,5,0,26,2,0,0,0,0,0,0,0,0,0,16.1,0,0,NaN,0,0,0,0,0,NaN,NaN,8,6,41,26,2,0,0.75,5.125,6.833333333,0,0,0,2,0,NaN,0,0,16.10.0,0,0,0,0,0,0,8,6,41,26,2,0,0,0,0,0,0,0,0,16.1
00-0032144,Melvin Gordon,LAC,RB,2017,1,FALSE,0,0,0,0,0,0,0,0,0,0,6,5,0,25,4,0,26,1,0,18,54,3,0,0,0,0,0,13.9,0,0,NaN,0,0,0,0,0,NaN,NaN,6,5,25,26,1,0,0.833333333,4.166666667,5,18,54,0,1,0,Infinity,0,0,13.90.0,0,0,0,0,0,0,6,5,25,26,1,0,18,54,0,0,0,0,0,13.9
00-0032156,Trevor Siemian,DEN,QB,2017,1,TRUE,28,17,0,219,7,12,1,2,0,0,0,0,0,0,0,0,0,0,0,6,19,3,0,1,0,0,0,22.66,28,17,1.647058824,219,1,2,0,0,7.821428571,12.88235294,0,0,0,0,0,0,NaN,NaN,NaN,6,19,0,0,0,0.678571429,0,0,22.65999999999999728.0,17,219,1,2,0,0,0,0,0,0,0,0,6,19,0,1,0,0,0,22.66
00-0032160,Tyrell Williams,LAC,WR,2017,1,FALSE,0,0,0,0,0,0,0,0,0,0,7,5,0,54,7,0,21,0,0,0,0,0,0,0,0,0,0,5.4,0,0,NaN,0,0,0,0,0,NaN,NaN,7,5,54,21,0,0,0.714285714,7.714285714,10.8,0,0,0,0,0,NaN,0,0,5.40.0,0,0,0,0,0,0,7,5,54,21,0,0,0,0,0,0,0,0,0,5.4
00-0032187,David Johnson,ARI,RB,2017,1,FALSE,0,0,0,0,0,0,0,0,0,0,9,6,0,68,7,0,47,0,0,11,23,2,0,0,0,2,1,6.1,0,0,NaN,0,0,0,0,0,NaN,NaN,9,6,68,47,0,0,0.666666667,7.555555556,11.33333333,11,23,0,0,0,Infinity,2,1,6.1000000000000010.0,0,0,0,0,0,0,9,6,68,47,0,0,11,23,0,0,0,2,1,6.1
00-0032188,Vince Mayle,BAL,WR,2017,1,FALSE,0,0,0,0,0,0,0,0,0,0,0,0,0,0,0,0,0,0,0,0,0,0,0,0,0,0,0,0,0,0,NaN,0,0,0,0,0,NaN,NaN,0,0,0,0,0,0,NaN,NaN,NaN,0,0,0,0,0,NaN,0,0,0.00.0,0,0,0,0,0,0,0,0,0,0,0,0,0,0,0,0,0,0,0,0
00-0032200,Ty Montgomery,GB,RB,2017,1,TRUE,0,0,0,0,0,0,0,0,0,0,4,4,1,39,9,0,50,0,0,19,54,2,0,1,0,0,0,15.3,0,0,NaN,0,0,0,0,0,NaN,NaN,4,4,39,50,0,0,1,9.75,9.75,19,54,0,0,0,Infinity,0,0,15.30.0,0,0,0,0,0,0,4,4,39,50,0,0,19,54,0,1,0,0,0,15.3
00-0032208,Phillip Dorsett,NE,WR,2017,1,TRUE,0,0,0,0,0,0,0,0,0,0,1,0,0,0,0,0,0,0,0,0,0,0,0,0,0,0,0,0,0,0,NaN,0,0,0,0,0,NaN,NaN,1,0,0,0,0,0,0,0,NaN,0,0,0,0,0,NaN,0,0,0.00.0,0,0,0,0,0,0,1,0,0,0,0,0,0,0,0,0,0,0,0,0
00-0032211,Tyler Lockett,SEA,WR,2017,1,FALSE,0,0,0,0,0,0,0,0,0,0,3,1,0,8,2,0,0,0,0,0,0,0,0,0,0,0,0,0.8,0,0,NaN,0,0,0,0,0,NaN,NaN,3,1,8,0,0,0,0.333333333,2.666666667,8,0,0,0,0,0,NaN,0,0,0.80.0,0,0,0,0,0,0,3,1,8,0,0,0,0,0,0,0,0,0,0,0.8
00-0032214,Tyler Kroft,CIN,TE,2017,1,TRUE,0,0,0,0,0,0,0,0,0,0,1,1,1,5,5,0,0,0,0,0,0,0,0,0,0,0,0,0.5,0,0,NaN,0,0,0,0,0,NaN,NaN,1,1,5,0,0,0,1,5,5,0,0,0,0,0,NaN,0,0,0.50.0,0,0,0,0,0,0,1,1,5,0,0,0,0,0,0,0,0,0,0,0.5
00-0032227,Jeff Heuerman,DEN,TE,2017,1,TRUE,0,0,0,0,0,0,0,0,0,0,2,1,0,20,10,0,5,0,0,0,0,0,0,0,0,0,0,2,0,0,NaN,0,0,0,0,0,NaN,NaN,2,1,20,5,0,0,0.5,10,20,0,0,0,0,0,NaN,0,0,2.00.0,0,0,0,0,0,0,2,1,20,5,0,0,0,0,0,0,0,0,0,2
00-0032241,Todd Gurley,LA,RB,2017,1,TRUE,0,0,0,0,0,0,0,0,0,0,6,5,0,56,9,0,55,0,0,18,39,2,0,1,0,1,0,14.5,0,0,NaN,0,0,0,0,0,NaN,NaN,6,5,56,55,0,0,0.833333333,9.333333333,11.2,18,39,0,0,0,Infinity,1,0,14.50.0,0,0,0,0,0,0,6,5,56,55,0,0,18,39,0,1,0,1,0,14.5
00-0032245,Sean Mannion,LA,QB,2017,1,TRUE,1,1,1,12,12,12,0,0,0,0,0,0,0,0,0,0,0,0,0,3,-7,-2,0,0,0,0,0,-0.22,1,1,1,12,0,0,0,0,12,12,0,0,0,0,0,0,NaN,NaN,NaN,3,-7,0,0,0,-7,0,0,-0.220000000000000081.0,1,12,0,0,0,0,0,0,0,0,0,0,3,-7,0,0,0,0,0,-0.22
00-0032250,Kasen Williams,CLE,WR,2017,1,TRUE,0,0,0,0,0,0,0,0,0,0,2,0,0,0,0,0,0,0,0,0,0,0,0,0,0,0,0,0,0,0,NaN,0,0,0,0,0,NaN,NaN,2,0,0,0,0,0,0,0,NaN,0,0,0,0,0,NaN,0,0,0.00.0,0,0,0,0,0,0,2,0,0,0,0,0,0,0,0,0,0,0,0,0
00-0032257,Duke Johnson,CLE,RB,2017,1,TRUE,0,0,0,0,0,0,0,0,0,0,5,2,0,20,4,0,9,0,0,0,0,0,0,0,0,0,0,2,0,0,NaN,0,0,0,0,0,NaN,NaN,5,2,20,9,0,0,0.4,4,10,0,0,0,0,0,NaN,0,0,2.00.0,0,0,0,0,0,0,5,2,20,9,0,0,0,0,0,0,0,0,0,2
00-0032268,Marcus Mariota,TEN,QB,2017,1,TRUE,41,25,0,256,6,10,0,0,0,0,0,0,0,0,0,0,0,0,0,3,26,8,0,1,0,0,0,18.84,41,25,1.64,256,0,0,0,0,6.243902439,10.24,0,0,0,0,0,0,NaN,NaN,NaN,3,26,0,0,0,0.634146341,0,0,18.8441.0,25,256,0,0,0,0,0,0,0,0,0,0,3,26,0,1,0,0,0,18.84
00-0032319,Ross Travis,KC,TE,2017,1,FALSE,0,0,0,0,0,0,0,0,0,0,1,0,0,0,0,0,0,0,0,0,0,0,0,0,0,0,0,0,0,0,NaN,0,0,0,0,0,NaN,NaN,1,0,0,0,0,0,0,0,NaN,0,0,0,0,0,NaN,0,0,0.00.0,0,0,0,0,0,0,1,0,0,0,0,0,0,0,0,0,0,0,0,0
00-0032371,Rob Kelley,WAS,RB,2017,1,TRUE,0,0,0,0,0,0,0,0,0,0,1,0,0,0,0,0,0,0,0,10,30,3,0,0,0,0,0,3,0,0,NaN,0,0,0,0,0,NaN,NaN,1,0,0,0,0,0,0,0,NaN,10,30,0,0,0,Infinity,0,0,3.00.0,0,0,0,0,0,0,1,0,0,0,0,0,10,30,0,0,0,0,0,3
00-0032385,Sterling Shepard,NYG,WR,2017,1,FALSE,0,0,0,0,0,0,0,0,0,0,8,7,0,44,5,0,18,0,0,1,6,6,0,0,0,1,0,4,0,0,NaN,0,0,0,0,0,NaN,NaN,8,7,44,18,0,0,0.875,5.5,6.285714286,1,6,0,0,0,Infinity,1,0,4.00.0,0,0,0,0,0,0,8,7,44,18,0,0,1,6,0,0,0,1,0,4
00-0032392,Austin Hooper,ATL,TE,2017,1,FALSE,0,0,0,0,0,0,0,0,0,0,2,2,1,128,64,0,83,1,0,0,0,0,0,0,0,0,0,18.8,0,0,NaN,0,0,0,0,0,NaN,NaN,2,2,128,83,1,0,1,64,64,0,0,0,1,0,NaN,0,0,18.80.0,0,0,0,0,0,0,2,2,128,83,1,0,0,0,0,0,0,0,0,18.8
00-0032393,C.J. Prosise,SEA,RB,2017,1,FALSE,0,0,0,0,0,0,0,0,0,0,0,0,0,0,0,0,0,0,0,4,11,2,0,0,0,0,0,1.1,0,0,NaN,0,0,0,0,0,NaN,NaN,0,0,0,0,0,0,NaN,NaN,NaN,4,11,0,0,0,Infinity,0,0,1.10.0,0,0,0,0,0,0,0,0,0,0,0,0,4,11,0,0,0,0,0,1.1
00-0032394,Nick Vannett,SEA,TE,2017,1,FALSE,0,0,0,0,0,0,0,0,0,0,1,1,1,10,10,0,4,0,0,0,0,0,0,0,0,0,0,1,0,0,NaN,0,0,0,0,0,NaN,NaN,1,1,10,4,0,0,1,10,10,0,0,0,0,0,NaN,0,0,1.00.0,0,0,0,0,0,0,1,1,10,4,0,0,0,0,0,0,0,0,0,1
00-0032398,Chris Moore,BAL,WR,2017,1,FALSE,0,0,0,0,0,0,0,0,0,0,0,0,0,0,0,0,0,0,0,0,0,0,0,0,0,0,0,0,0,0,NaN,0,0,0,0,0,NaN,NaN,0,0,0,0,0,0,NaN,NaN,NaN,0,0,0,0,0,NaN,0,0,0.00.0,0,0,0,0,0,0,0,0,0,0,0,0,0,0,0,0,0,0,0,0
00-0032404,Tyler Ervin,HOU,RB,2017,1,TRUE,0,0,0,0,0,0,0,0,0,0,5,4,0,18,3,0,9,0,0,3,8,2,0,0,0,0,0,2.6,0,0,NaN,0,0,0,0,0,NaN,NaN,5,4,18,9,0,0,0.8,3.6,4.5,3,8,0,0,0,Infinity,0,0,2.60.0,0,0,0,0,0,0,5,4,18,9,0,0,3,8,0,0,0,0,0,2.6
00-0032417,Paul Perkins,NYG,RB,2017,1,FALSE,0,0,0,0,0,0,0,0,0,0,3,2,0,9,3,0,13,0,0,7,16,2,0,0,0,0,0,2.5,0,0,NaN,0,0,0,0,0,NaN,NaN,3,2,9,13,0,0,0.666666667,3,4.5,7,16,0,0,0,Infinity,0,0,2.50.0,0,0,0,0,0,0,3,2,9,13,0,0,7,16,0,0,0,0,0,2.5
00-0032423,Trevor Davis,GB,WR,2017,1,TRUE,0,0,0,0,0,0,0,0,0,0,0,0,0,0,0,0,0,0,0,0,0,0,0,0,0,0,0,0,0,0,NaN,0,0,0,0,0,NaN,NaN,0,0,0,0,0,0,NaN,NaN,NaN,0,0,0,0,0,NaN,0,0,0.00.0,0,0,0,0,0,0,0,0,0,0,0,0,0,0,0,0,0,0,0,0
00-0032429,Jerell Adams,NYG,TE,2017,1,FALSE,0,0,0,0,0,0,0,0,0,0,0,0,0,0,0,0,0,0,0,0,0,0,0,0,0,0,0,0,0,0,NaN,0,0,0,0,0,NaN,NaN,0,0,0,0,0,0,NaN,NaN,NaN,0,0,0,0,0,NaN,0,0,0.00.0,0,0,0,0,0,0,0,0,0,0,0,0,0,0,0,0,0,0,0,0
00-0032430,David Morgan,MIN,TE,2017,1,TRUE,0,0,0,0,0,0,0,0,0,0,0,0,0,0,0,0,0,0,0,0,0,0,0,0,0,0,0,0,0,0,NaN,0,0,0,0,0,NaN,NaN,0,0,0,0,0,0,NaN,NaN,NaN,0,0,0,0,0,NaN,0,0,0.00.0,0,0,0,0,0,0,0,0,0,0,0,0,0,0,0,0,0,0,0,0
00-0032431,Jake Rudock,DET,QB,2017,1,TRUE,0,0,0,0,0,0,0,0,1,0,0,0,0,0,0,0,0,0,0,0,0,0,0,0,0,0,0,2,0,0,NaN,0,0,0,1,0,NaN,NaN,0,0,0,0,0,0,NaN,NaN,NaN,0,0,0,0,0,NaN,0,0,2.00.0,0,0,0,0,1,0,0,0,0,0,0,0,0,0,0,0,0,0,0,2
00-0032450,Dwayne Washington,DET,RB,2017,1,TRUE,0,0,0,0,0,0,0,0,0,0,0,0,0,0,0,0,0,0,0,6,22,3,0,0,0,0,0,2.2,0,0,NaN,0,0,0,0,0,NaN,NaN,0,0,0,0,0,0,NaN,NaN,NaN,6,22,0,0,0,Infinity,0,0,2.20.0,0,0,0,0,0,0,0,0,0,0,0,0,6,22,0,0,0,0,0,2.2
00-0032464,Kalif Raymond,NYJ,WR,2017,1,FALSE,0,0,0,0,0,0,0,0,0,0,0,0,0,0,0,0,0,0,0,0,0,0,0,0,0,2,0,-2,0,0,NaN,0,0,0,0,0,NaN,NaN,0,0,0,0,0,0,NaN,NaN,NaN,0,0,0,0,0,NaN,2,0,-2.00.0,0,0,0,0,0,0,0,0,0,0,0,0,0,0,0,0,0,2,0,-2
00-0032475,Tanner McEvoy,SEA,WR,2017,1,FALSE,0,0,0,0,0,0,0,0,0,0,2,0,0,0,0,0,0,0,0,0,0,0,0,0,0,0,0,0,0,0,NaN,0,0,0,0,0,NaN,NaN,2,0,0,0,0,0,0,0,NaN,0,0,0,0,0,NaN,0,0,0.00.0,0,0,0,0,0,0,2,0,0,0,0,0,0,0,0,0,0,0,0,0
00-0032543,Alex Erickson,CIN,WR,2017,1,TRUE,0,0,0,0,0,0,0,0,0,0,0,0,0,0,0,0,0,0,0,0,0,0,0,0,0,0,0,0,0,0,NaN,0,0,0,0,0,NaN,NaN,0,0,0,0,0,0,NaN,NaN,NaN,0,0,0,0,0,NaN,0,0,0.00.0,0,0,0,0,0,0,0,0,0,0,0,0,0,0,0,0,0,0,0,0
00-0032659,Roger Lewis,NYG,WR,2017,1,FALSE,0,0,0,0,0,0,0,0,0,0,6,4,0,54,9,0,9,0,0,0,0,0,0,0,0,0,0,5.4,0,0,NaN,0,0,0,0,0,NaN,NaN,6,4,54,9,0,0,0.666666667,9,13.5,0,0,0,0,0,NaN,0,0,5.40.0,0,0,0,0,0,0,6,4,54,9,0,0,0,0,0,0,0,0,0,5.4
00-0032688,Robby Anderson,NYJ,WR,2017,1,FALSE,0,0,0,0,0,0,0,0,1,0,8,4,0,22,2,0,12,0,0,0,0,0,0,0,0,0,0,4.2,0,0,NaN,0,0,0,1,0,NaN,NaN,8,4,22,12,0,0,0.5,2.75,5.5,0,0,0,0,0,NaN,0,0,4.20.0,0,0,0,0,1,0,8,4,22,12,0,0,0,0,0,0,0,0,0,4.2
00-0032725,Stephen Anderson,HOU,TE,2017,1,TRUE,0,0,0,0,0,0,0,0,0,0,5,2,0,14,2,0,11,0,0,0,0,0,0,0,0,0,0,1.4,0,0,NaN,0,0,0,0,0,NaN,NaN,5,2,14,11,0,0,0.4,2.8,7,0,0,0,0,0,NaN,0,0,1.40000000000000010.0,0,0,0,0,0,0,5,2,14,11,0,0,0,0,0,0,0,0,0,1.4
00-0032764,Derrick Henry,TEN,RB,2017,1,TRUE,0,0,0,0,0,0,0,0,0,0,0,0,0,0,0,0,0,0,0,6,25,4,0,0,0,0,0,2.5,0,0,NaN,0,0,0,0,0,NaN,NaN,0,0,0,0,0,0,NaN,NaN,NaN,6,25,0,0,0,Infinity,0,0,2.50.0,0,0,0,0,0,0,0,0,0,0,0,0,6,25,0,0,0,0,0,2.5
00-0032765,Michael Thomas,NO,WR,2017,1,FALSE,0,0,0,0,0,0,0,0,0,0,8,5,0,45,5,0,7,0,0,0,0,0,0,0,0,0,0,4.5,0,0,NaN,0,0,0,0,0,NaN,NaN,8,5,45,7,0,0,0.625,5.625,9,0,0,0,0,0,NaN,0,0,4.50.0,0,0,0,0,0,0,8,5,45,7,0,0,0,0,0,0,0,0,0,4.5
00-0032780,Jordan Howard,CHI,RB,2017,1,TRUE,0,0,0,0,0,0,0,0,0,0,5,3,0,14,2,0,19,0,0,13,52,4,0,1,0,0,0,12.6,0,0,NaN,0,0,0,0,0,NaN,NaN,5,3,14,19,0,0,0.6,2.8,4.666666667,13,52,0,0,0,Infinity,0,0,12.6000000000000010.0,0,0,0,0,0,0,5,3,14,19,0,0,13,52,0,1,0,0,0,12.6
00-0032782,Wendell Smallwood,PHI,RB,2017,1,FALSE,0,0,0,0,0,0,0,0,0,0,1,1,1,5,5,0,0,0,0,4,4,1,0,0,0,0,0,0.9,0,0,NaN,0,0,0,0,0,NaN,NaN,1,1,5,0,0,0,1,5,5,4,4,0,0,0,Infinity,0,0,0.90.0,0,0,0,0,0,0,1,1,5,0,0,0,4,4,0,0,0,0,0,0.9
00-0032795,Cody Core,CIN,WR,2017,1,TRUE,0,0,0,0,0,0,0,0,0,0,2,0,0,0,0,0,0,0,0,0,0,0,0,0,0,0,0,0,0,0,NaN,0,0,0,0,0,NaN,NaN,2,0,0,0,0,0,0,0,NaN,0,0,0,0,0,NaN,0,0,0.00.0,0,0,0,0,0,0,2,0,0,0,0,0,0,0,0,0,0,0,0,0
00-0032813,Elijhaa Penny,ARI,RB,2017,1,FALSE,0,0,0,0,0,0,0,0,0,0,0,0,0,0,0,0,0,0,0,0,0,0,0,0,0,0,0,0,0,0,NaN,0,0,0,0,0,NaN,NaN,0,0,0,0,0,0,NaN,NaN,NaN,0,0,0,0,0,NaN,0,0,0.00.0,0,0,0,0,0,0,0,0,0,0,0,0,0,0,0,0,0,0,0,0
00-0032881,Tommylee Lewis,NO,WR,2017,1,FALSE,0,0,0,0,0,0,0,0,0,0,3,2,0,52,17,0,13,0,0,0,0,0,0,0,0,0,0,5.2,0,0,NaN,0,0,0,0,0,NaN,NaN,3,2,52,13,0,0,0.666666667,17.33333333,26,0,0,0,0,0,NaN,0,0,5.20.0,0,0,0,0,0,0,3,2,52,13,0,0,0,0,0,0,0,0,0,5.2
00-0032918,C.J. Ham,MIN,RB,2017,1,TRUE,0,0,0,0,0,0,0,0,0,0,0,0,0,0,0,0,0,0,0,0,0,0,0,0,0,0,0,0,0,0,NaN,0,0,0,0,0,NaN,NaN,0,0,0,0,0,0,NaN,NaN,NaN,0,0,0,0,0,NaN,0,0,0.00.0,0,0,0,0,0,0,0,0,0,0,0,0,0,0,0,0,0,0,0,0
00-0032940,DeAndre Washington,OAK,RB,2017,1,FALSE,0,0,0,0,0,0,0,0,0,0,2,2,1,18,9,0,21,0,0,3,4,1,0,0,0,0,0,2.2,0,0,NaN,0,0,0,0,0,NaN,NaN,2,2,18,21,0,0,1,9,9,3,4,0,0,0,Infinity,0,0,2.20.0,0,0,0,0,0,0,2,2,18,21,0,0,3,4,0,0,0,0,0,2.2
00-0032950,Carson Wentz,PHI,QB,2017,1,FALSE,39,26,0,307,7,11,1,2,0,0,0,0,0,0,0,0,0,0,0,4,6,1,0,0,0,1,1,16.88,39,26,1.5,307,1,2,0,0,7.871794872,11.80769231,0,0,0,0,0,0,NaN,NaN,NaN,4,6,0,0,0,0.153846154,1,1,16.88000000000000339.0,26,307,1,2,0,0,0,0,0,0,0,0,4,6,0,0,0,1,1,16.88
00-0032951,Laquon Treadwell,MIN,WR,2017,1,TRUE,0,0,0,0,0,0,0,0,0,0,1,1,1,7,7,0,0,0,0,0,0,0,0,0,0,0,0,0.7,0,0,NaN,0,0,0,0,0,NaN,NaN,1,1,7,0,0,0,1,7,7,0,0,0,0,0,NaN,0,0,0.70000000000000010.0,0,0,0,0,0,0,1,1,7,0,0,0,0,0,0,0,0,0,0,0.7
00-0032966,Corey Coleman,CLE,WR,2017,1,TRUE,0,0,0,0,0,0,0,0,0,0,6,5,0,53,8,0,-1,1,0,0,0,0,0,0,0,0,0,11.3,0,0,NaN,0,0,0,0,0,NaN,NaN,6,5,53,-1,1,0,0.833333333,8.833333333,10.6,0,0,0,1,0,NaN,0,0,11.30.0,0,0,0,0,0,0,6,5,53,-1,1,0,0,0,0,0,0,0,0,11.3
00-0033009,Tyler Boyd,CIN,WR,2017,1,TRUE,0,0,0,0,0,0,0,0,0,0,4,1,0,11,2,0,9,0,0,0,0,0,0,0,0,0,0,1.1,0,0,NaN,0,0,0,0,0,NaN,NaN,4,1,11,9,0,0,0.25,2.75,11,0,0,0,0,0,NaN,0,0,1.10.0,0,0,0,0,0,0,4,1,11,9,0,0,0,0,0,0,0,0,0,1.1
00-0033025,Jalen Richard,OAK,RB,2017,1,FALSE,0,0,0,0,0,0,0,0,0,0,1,1,1,6,6,0,0,0,0,5,22,4,0,0,0,1,0,1.8,0,0,NaN,0,0,0,0,0,NaN,NaN,1,1,6,0,0,0,1,6,6,5,22,0,0,0,Infinity,1,0,1.80000000000000030.0,0,0,0,0,0,0,1,1,6,0,0,0,5,22,0,0,0,1,0,1.8
00-0033040,Tyreek Hill,KC,WR,2017,1,FALSE,0,0,0,0,0,0,0,0,0,0,8,7,0,133,16,0,55,1,0,2,5,2,0,0,0,1,0,18.8,0,0,NaN,0,0,0,0,0,NaN,NaN,8,7,133,55,1,0,0.875,16.625,19,2,5,0,1,0,Infinity,1,0,18.80.0,0,0,0,0,0,0,8,7,133,55,1,0,2,5,0,0,0,1,0,18.8
00-0033045,Ezekiel Elliott,DAL,RB,2017,1,TRUE,0,0,0,0,0,0,0,0,0,0,5,5,1,36,7,0,42,0,0,24,104,4,0,0,0,0,0,14,0,0,NaN,0,0,0,0,0,NaN,NaN,5,5,36,42,0,0,1,7.2,7.2,24,104,0,0,0,Infinity,0,0,14.00.0,0,0,0,0,0,0,5,5,36,42,0,0,24,104,0,0,0,0,0,14
00-0033069,Braxton Miller,HOU,WR,2017,1,TRUE,0,0,0,0,0,0,0,0,0,0,1,0,0,0,0,0,0,0,0,0,0,0,0,0,0,0,0,0,0,0,NaN,0,0,0,0,0,NaN,NaN,1,0,0,0,0,0,0,0,NaN,0,0,0,0,0,NaN,0,0,0.00.0,0,0,0,0,0,0,1,0,0,0,0,0,0,0,0,0,0,0,0,0
00-0033077,Dak Prescott,DAL,QB,2017,1,TRUE,39,24,0,268,6,11,0,1,0,0,0,0,0,0,0,0,0,0,0,3,24,8,0,0,0,0,0,17.12,39,24,1.625,268,0,1,0,0,6.871794872,11.16666667,0,0,0,0,0,0,NaN,NaN,NaN,3,24,0,0,0,0.615384615,0,0,17.1239.0,24,268,0,1,0,0,0,0,0,0,0,0,3,24,0,0,0,0,0,17.12
00-0033079,Ricardo Louis,CLE,WR,2017,1,TRUE,0,0,0,0,0,0,0,0,0,0,3,2,0,32,10,0,10,0,0,0,0,0,0,0,0,0,0,3.2,0,0,NaN,0,0,0,0,0,NaN,NaN,3,2,32,10,0,0,0.666666667,10.66666667,16,0,0,0,0,0,NaN,0,0,3.20.0,0,0,0,0,0,0,3,2,32,10,0,0,0,0,0,0,0,0,0,3.2
00-0033080,Seth DeValve,CLE,TE,2017,1,TRUE,0,0,0,0,0,0,0,0,0,0,5,4,0,42,8,0,28,0,0,0,0,0,0,0,0,0,0,4.2,0,0,NaN,0,0,0,0,0,NaN,NaN,5,4,42,28,0,0,0.8,8.4,10.5,0,0,0,0,0,NaN,0,0,4.20.0,0,0,0,0,0,0,5,4,42,28,0,0,0,0,0,0,0,0,0,4.2
00-0033106,Jared Goff,LA,QB,2017,1,TRUE,29,21,0,306,10,14,0,1,0,0,0,0,0,0,0,0,0,0,0,1,2,2,0,0,0,0,0,16.44,29,21,1.380952381,306,0,1,0,0,10.55172414,14.57142857,0,0,0,0,0,0,NaN,NaN,NaN,1,2,0,0,0,0.068965517,0,0,16.4429.0,21,306,0,1,0,0,0,0,0,0,0,0,1,2,0,0,0,0,0,16.44
00-0033110,Tyler Higbee,LA,TE,2017,1,TRUE,0,0,0,0,0,0,0,0,0,0,3,2,0,17,5,0,5,0,0,0,0,0,0,0,0,0,0,1.7,0,0,NaN,0,0,0,0,0,NaN,NaN,3,2,17,5,0,0,0.666666667,5.666666667,8.5,0,0,0,0,0,NaN,0,0,1.70000000000000020.0,0,0,0,0,0,0,3,2,17,5,0,0,0,0,0,0,0,0,0,1.7
00-0033111,Pharoh Cooper,LA,WR,2017,1,TRUE,0,0,0,0,0,0,0,0,0,0,1,0,0,0,0,0,0,0,0,0,0,0,0,0,0,0,0,0,0,0,NaN,0,0,0,0,0,NaN,NaN,1,0,0,0,0,0,0,0,NaN,0,0,0,0,0,NaN,0,0,0.00.0,0,0,0,0,0,0,1,0,0,0,0,0,0,0,0,0,0,0,0,0
00-0033119,Jacoby Brissett,IND,QB,2017,1,FALSE,3,2,0,51,17,25,0,0,0,0,0,0,0,0,0,0,0,0,0,0,0,0,0,0,0,0,0,2.04,3,2,1.5,51,0,0,0,0,17,25.5,0,0,0,0,0,0,NaN,NaN,NaN,0,0,0,0,0,0,0,0,2.043.0,2,51,0,0,0,0,0,0,0,0,0,0,0,0,0,0,0,0,0,2.04
00-0033280,Christian McCaffrey,CAR,RB,2017,1,FALSE,0,0,0,0,0,0,0,0,0,0,7,5,0,38,5,0,37,0,0,13,47,3,0,0,0,1,1,6.5,0,0,NaN,0,0,0,0,0,NaN,NaN,7,5,38,37,0,0,0.714285714,5.428571429,7.6,13,47,0,0,0,Infinity,1,1,6.50.0,0,0,0,0,0,0,7,5,38,37,0,0,13,47,0,0,0,1,1,6.5
00-0033288,George Kittle,SF,TE,2017,1,TRUE,0,0,0,0,0,0,0,0,0,0,6,5,0,27,4,0,17,0,0,0,0,0,0,0,0,0,0,2.7,0,0,NaN,0,0,0,0,0,NaN,NaN,6,5,27,17,0,0,0.833333333,4.5,5.4,0,0,0,0,0,NaN,0,0,2.70.0,0,0,0,0,0,0,6,5,27,17,0,0,0,0,0,0,0,0,0,2.7
00-0033292,Trent Taylor,SF,WR,2017,1,TRUE,0,0,0,0,0,0,0,0,0,0,1,1,1,8,8,0,2,0,0,0,0,0,0,0,0,0,0,0.8,0,0,NaN,0,0,0,0,0,NaN,NaN,1,1,8,2,0,0,1,8,8,0,0,0,0,0,NaN,0,0,0.80.0,0,0,0,0,0,0,1,1,8,2,0,0,0,0,0,0,0,0,0,0.8
00-0033308,Matt Breida,SF,RB,2017,1,TRUE,0,0,0,0,0,0,0,0,0,0,0,0,0,0,0,0,0,0,0,4,11,2,0,0,0,0,0,1.1,0,0,NaN,0,0,0,0,0,NaN,NaN,0,0,0,0,0,0,NaN,NaN,NaN,4,11,0,0,0,Infinity,0,0,1.10.0,0,0,0,0,0,0,0,0,0,0,0,0,4,11,0,0,0,0,0,1.1
00-0033466,Isaiah McKenzie,DEN,WR,2017,1,TRUE,0,0,0,0,0,0,0,0,0,0,0,0,0,0,0,0,0,0,0,0,0,0,0,0,0,0,0,0,0,0,NaN,0,0,0,0,0,NaN,NaN,0,0,0,0,0,0,NaN,NaN,NaN,0,0,0,0,0,NaN,0,0,0.00.0,0,0,0,0,0,0,0,0,0,0,0,0,0,0,0,0,0,0,0,0
00-0033537,Deshaun Watson,HOU,QB,2017,1,TRUE,23,12,0,102,4,8,1,1,0,0,0,0,0,0,0,0,0,0,0,2,16,8,0,0,0,1,1,5.68,23,12,1.916666667,102,1,1,0,0,4.434782609,8.5,0,0,0,0,0,0,NaN,NaN,NaN,2,16,0,0,0,0.695652174,1,1,5.6823.0,12,102,1,1,0,0,0,0,0,0,0,0,2,16,0,0,0,1,1,5.68
00-0033553,James Conner,PIT,RB,2017,1,FALSE,0,0,0,0,0,0,0,0,0,0,0,0,0,0,0,0,0,0,0,4,11,2,0,0,0,0,0,1.1,0,0,NaN,0,0,0,0,0,NaN,NaN,0,0,0,0,0,0,NaN,NaN,NaN,4,11,0,0,0,Infinity,0,0,1.10.0,0,0,0,0,0,0,0,0,0,0,0,0,4,11,0,0,0,0,0,1.1
00-0033555,Mack Hollins,PHI,WR,2017,1,FALSE,0,0,0,0,0,0,0,0,0,0,0,0,0,0,0,0,0,0,0,0,0,0,0,0,0,0,0,0,0,0,NaN,0,0,0,0,0,NaN,NaN,0,0,0,0,0,0,NaN,NaN,NaN,0,0,0,0,0,NaN,0,0,0.00.0,0,0,0,0,0,0,0,0,0,0,0,0,0,0,0,0,0,0,0,0
00-0033556,Tarik Cohen,CHI,RB,2017,1,TRUE,0,0,0,0,0,0,0,0,0,0,12,8,0,47,3,0,31,1,0,5,66,13,0,0,0,0,0,17.3,0,0,NaN,0,0,0,0,0,NaN,NaN,12,8,47,31,1,0,0.666666667,3.916666667,5.875,5,66,0,1,0,Infinity,0,0,17.30.0,0,0,0,0,0,0,12,8,47,31,1,0,5,66,0,0,0,0,0,17.3
00-0033562,Ryan Switzer,DAL,WR,2017,1,TRUE,0,0,0,0,0,0,0,0,0,0,0,0,0,0,0,0,0,0,0,0,0,0,0,0,0,0,0,0,0,0,NaN,0,0,0,0,0,NaN,NaN,0,0,0,0,0,0,NaN,NaN,NaN,0,0,0,0,0,NaN,0,0,0.00.0,0,0,0,0,0,0,0,0,0,0,0,0,0,0,0,0,0,0,0,0
00-0033576,Eric Saubert,ATL,TE,2017,1,FALSE,0,0,0,0,0,0,0,0,0,0,0,0,0,0,0,0,0,0,0,0,0,0,0,0,0,0,0,0,0,0,NaN,0,0,0,0,0,NaN,NaN,0,0,0,0,0,0,NaN,NaN,NaN,0,0,0,0,0,NaN,0,0,0.00.0,0,0,0,0,0,0,0,0,0,0,0,0,0,0,0,0,0,0,0,0
00-0033594,Chris Carson,SEA,RB,2017,1,FALSE,0,0,0,0,0,0,0,0,0,0,1,1,1,10,10,0,6,0,0,6,39,6,0,0,0,0,0,4.9,0,0,NaN,0,0,0,0,0,NaN,NaN,1,1,10,6,0,0,1,10,10,6,39,0,0,0,Infinity,0,0,4.90.0,0,0,0,0,0,0,1,1,10,6,0,0,6,39,0,0,0,0,0,4.9
00-0033596,Matt Dayes,CLE,RB,2017,1,TRUE,0,0,0,0,0,0,0,0,0,0,2,2,1,9,4,0,5,0,0,3,7,2,0,0,0,0,0,1.6,0,0,NaN,0,0,0,0,0,NaN,NaN,2,2,9,5,0,0,1,4.5,4.5,3,7,0,0,0,Infinity,0,0,1.60.0,0,0,0,0,0,0,2,2,9,5,0,0,3,7,0,0,0,0,0,1.6
00-0033681,Keelan Cole,JAX,WR,2017,1,FALSE,0,0,0,0,0,0,0,0,0,0,2,0,0,0,0,0,0,0,0,0,0,0,0,0,0,0,0,0,0,0,NaN,0,0,0,0,0,NaN,NaN,2,0,0,0,0,0,0,0,NaN,0,0,0,0,0,NaN,0,0,0.00.0,0,0,0,0,0,0,2,0,0,0,0,0,0,0,0,0,0,0,0,0
00-0033699,Austin Ekeler,LAC,RB,2017,1,FALSE,0,0,0,0,0,0,0,0,0,0,2,2,1,18,9,0,21,0,0,0,0,0,0,0,0,0,0,1.8,0,0,NaN,0,0,0,0,0,NaN,NaN,2,2,18,21,0,0,1,9,9,0,0,0,0,0,NaN,0,0,1.80.0,0,0,0,0,0,0,2,2,18,21,0,0,0,0,0,0,0,0,0,1.8
00-0033725,Corey Clement,PHI,RB,2017,1,FALSE,0,0,0,0,0,0,0,0,0,0,0,0,0,0,0,0,0,0,0,0,0,0,0,0,0,0,0,0,0,0,NaN,0,0,0,0,0,NaN,NaN,0,0,0,0,0,0,NaN,NaN,NaN,0,0,0,0,0,NaN,0,0,0.00.0,0,0,0,0,0,0,0,0,0,0,0,0,0,0,0,0,0,0,0,0
00-0033760,Justin Davis,LA,RB,2017,1,TRUE,0,0,0,0,0,0,0,0,0,0,0,0,0,0,0,0,0,0,0,1,1,1,0,0,0,0,0,0.1,0,0,NaN,0,0,0,0,0,NaN,NaN,0,0,0,0,0,0,NaN,NaN,NaN,1,1,0,0,0,Infinity,0,0,0.10.0,0,0,0,0,0,0,0,0,0,0,0,0,1,1,0,0,0,0,0,0.1
00-0033838,Trey Edmunds,NO,RB,2017,1,FALSE,0,0,0,0,0,0,0,0,0,0,0,0,0,0,0,0,0,0,0,0,0,0,0,0,0,0,0,0,0,0,NaN,0,0,0,0,0,NaN,NaN,0,0,0,0,0,0,NaN,NaN,NaN,0,0,0,0,0,NaN,0,0,0.00.0,0,0,0,0,0,0,0,0,0,0,0,0,0,0,0,0,0,0,0,0
00-0033840,Chad Hansen,NYJ,WR,2017,1,FALSE,0,0,0,0,0,0,0,0,0,0,0,0,0,0,0,0,0,0,0,0,0,0,0,0,0,0,0,0,0,0,NaN,0,0,0,0,0,NaN,NaN,0,0,0,0,0,0,NaN,NaN,NaN,0,0,0,0,0,NaN,0,0,0.00.0,0,0,0,0,0,0,0,0,0,0,0,0,0,0,0,0,0,0,0,0
00-0033856,Leonard Fournette,JAX,RB,2017,1,FALSE,0,0,0,0,0,0,0,0,0,0,3,3,1,24,8,0,25,0,0,26,100,3,0,1,0,0,0,18.4,0,0,NaN,0,0,0,0,0,NaN,NaN,3,3,24,25,0,0,1,8,8,26,100,0,0,0,Infinity,0,0,18.40.0,0,0,0,0,0,0,3,3,24,25,0,0,26,100,0,1,0,0,0,18.4
00-0033857,JuJu Smith-Schuster,PIT,WR,2017,1,FALSE,0,0,0,0,0,0,0,0,0,0,0,0,0,0,0,0,0,0,0,0,0,0,0,0,0,0,0,0,0,0,NaN,0,0,0,0,0,NaN,NaN,0,0,0,0,0,0,NaN,NaN,NaN,0,0,0,0,0,NaN,0,0,0.00.0,0,0,0,0,0,0,0,0,0,0,0,0,0,0,0,0,0,0,0,0
00-0033858,Jonnu Smith,TEN,TE,2017,1,TRUE,0,0,0,0,0,0,0,0,0,0,1,0,0,0,0,0,0,0,0,0,0,0,0,0,0,0,0,0,0,0,NaN,0,0,0,0,0,NaN,NaN,1,0,0,0,0,0,0,0,NaN,0,0,0,0,0,NaN,0,0,0.00.0,0,0,0,0,0,0,1,0,0,0,0,0,0,0,0,0,0,0,0,0
00-0033871,Corey Davis,TEN,WR,2017,1,TRUE,0,0,0,0,0,0,0,0,0,0,10,6,0,69,6,0,23,0,0,0,0,0,0,0,0,0,0,6.9,0,0,NaN,0,0,0,0,0,NaN,NaN,10,6,69,23,0,0,0.6,6.9,11.5,0,0,0,0,0,NaN,0,0,6.90.0,0,0,0,0,0,0,10,6,69,23,0,0,0,0,0,0,0,0,0,6.9
00-0033881,Evan Engram,NYG,TE,2017,1,FALSE,0,0,0,0,0,0,0,0,0,0,5,4,0,44,8,0,20,0,0,0,0,0,0,0,0,0,0,4.4,0,0,NaN,0,0,0,0,0,NaN,NaN,5,4,44,20,0,0,0.8,8.8,11,0,0,0,0,0,NaN,0,0,4.40.0,0,0,0,0,0,0,5,4,44,20,0,0,0,0,0,0,0,0,0,4.4
00-0033885,David Njoku,CLE,TE,2017,1,TRUE,0,0,0,0,0,0,0,0,0,0,2,2,1,20,10,0,8,0,0,0,0,0,0,0,0,0,0,2,0,0,NaN,0,0,0,0,0,NaN,NaN,2,2,20,8,0,0,1,10,10,0,0,0,0,0,NaN,0,0,2.00.0,0,0,0,0,0,0,2,2,20,8,0,0,0,0,0,0,0,0,0,2
00-0033891,Zay Jones,BUF,WR,2017,1,TRUE,0,0,0,0,0,0,0,0,0,0,4,1,0,21,5,0,7,0,0,0,0,0,0,0,0,0,0,2.1,0,0,NaN,0,0,0,0,0,NaN,NaN,4,1,21,7,0,0,0.25,5.25,21,0,0,0,0,0,NaN,0,0,2.10.0,0,0,0,0,0,0,4,1,21,7,0,0,0,0,0,0,0,0,0,2.1
00-0033893,Dalvin Cook,MIN,RB,2017,1,TRUE,0,0,0,0,0,0,0,0,0,0,5,3,0,10,2,0,12,0,0,22,127,5,0,0,0,0,0,13.7,0,0,NaN,0,0,0,0,0,NaN,NaN,5,3,10,12,0,0,0.6,2,3.333333333,22,127,0,0,0,Infinity,0,0,13.7000000000000010.0,0,0,0,0,0,0,5,3,10,12,0,0,22,127,0,0,0,0,0,13.7
00-0033895,Gerald Everett,LA,TE,2017,1,TRUE,0,0,0,0,0,0,0,0,0,0,1,1,1,39,39,0,9,0,0,0,0,0,0,0,0,0,0,3.9,0,0,NaN,0,0,0,0,0,NaN,NaN,1,1,39,9,0,0,1,39,39,0,0,0,0,0,NaN,0,0,3.90000000000000040.0,0,0,0,0,0,0,1,1,39,9,0,0,0,0,0,0,0,0,0,3.9
00-0033897,Joe Mixon,CIN,RB,2017,1,TRUE,0,0,0,0,0,0,0,0,0,0,3,3,1,15,5,0,18,0,0,8,9,1,0,0,0,0,0,2.4,0,0,NaN,0,0,0,0,0,NaN,NaN,3,3,15,18,0,0,1,5,5,8,9,0,0,0,Infinity,0,0,2.40.0,0,0,0,0,0,0,3,3,15,18,0,0,8,9,0,0,0,0,0,2.4
00-0033899,DeShone Kizer,CLE,QB,2017,1,TRUE,30,20,0,222,7,11,1,1,0,0,0,0,0,0,0,0,0,0,0,5,17,3,0,1,0,0,0,18.58,30,20,1.5,222,1,1,0,0,7.4,11.1,0,0,0,0,0,0,NaN,NaN,NaN,5,17,0,0,0,0.566666667,0,0,18.58000000000000230.0,20,222,1,1,0,0,0,0,0,0,0,0,5,17,0,1,0,0,0,18.58
00-0033906,Alvin Kamara,NO,RB,2017,1,FALSE,0,0,0,0,0,0,0,0,0,0,6,4,0,20,3,0,23,0,0,7,18,2,0,0,0,0,0,3.8,0,0,NaN,0,0,0,0,0,NaN,NaN,6,4,20,23,0,0,0.666666667,3.333333333,5,7,18,0,0,0,Infinity,0,0,3.80.0,0,0,0,0,0,0,6,4,20,23,0,0,7,18,0,0,0,0,0,3.8
00-0033908,Cooper Kupp,LA,WR,2017,1,TRUE,0,0,0,0,0,0,0,0,0,0,6,4,0,76,12,0,13,1,0,0,0,0,0,0,0,0,0,13.6,0,0,NaN,0,0,0,0,0,NaN,NaN,6,4,76,13,1,0,0.666666667,12.66666667,19,0,0,0,1,0,NaN,0,0,13.6000000000000010.0,0,0,0,0,0,0,6,4,76,13,1,0,0,0,0,0,0,0,0,13.6
00-0033911,Taywan Taylor,TEN,WR,2017,1,TRUE,0,0,0,0,0,0,0,0,0,0,2,2,1,14,7,0,13,0,0,0,0,0,0,0,0,0,0,1.4,0,0,NaN,0,0,0,0,0,NaN,NaN,2,2,14,13,0,0,1,7,7,0,0,0,0,0,NaN,0,0,1.40000000000000010.0,0,0,0,0,0,0,2,2,14,13,0,0,0,0,0,0,0,0,0,1.4
00-0033916,ArDarius Stewart,NYJ,WR,2017,1,FALSE,0,0,0,0,0,0,0,0,0,0,5,2,0,10,2,0,3,0,0,0,0,0,0,0,0,0,0,1,0,0,NaN,0,0,0,0,0,NaN,NaN,5,2,10,3,0,0,0.4,2,5,0,0,0,0,0,NaN,0,0,1.00.0,0,0,0,0,0,0,5,2,10,3,0,0,0,0,0,0,0,0,0,1
00-0033923,Kareem Hunt,KC,RB,2017,1,FALSE,0,0,0,0,0,0,0,0,0,0,5,5,1,98,19,0,76,2,0,17,148,8,0,1,0,1,1,40.6,0,0,NaN,0,0,0,0,0,NaN,NaN,5,5,98,76,2,0,1,19.6,19.6,17,148,0,2,0,Infinity,1,1,40.60.0,0,0,0,0,0,0,5,5,98,76,2,0,17,148,0,1,0,1,1,40.6
00-0033925,D'Onta Foreman,HOU,RB,2017,1,TRUE,0,0,0,0,0,0,0,0,0,0,0,0,0,0,0,0,0,0,0,1,4,4,0,0,0,0,0,0.4,0,0,NaN,0,0,0,0,0,NaN,NaN,0,0,0,0,0,0,NaN,NaN,NaN,1,4,0,0,0,Infinity,0,0,0.40.0,0,0,0,0,0,0,0,0,0,0,0,0,1,4,0,0,0,0,0,0.4
00-0033932,Kenny Golladay,DET,WR,2017,1,TRUE,0,0,0,0,0,0,0,0,1,0,7,4,0,69,9,0,5,2,0,0,0,0,0,0,0,0,0,20.9,0,0,NaN,0,0,0,1,0,NaN,NaN,7,4,69,5,2,0,0.571428571,9.857142857,17.25,0,0,0,2,0,NaN,0,0,20.90.0,0,0,0,0,1,0,7,4,69,5,2,0,0,0,0,0,0,0,0,20.9
00-0033937,Amara Darboh,SEA,WR,2017,1,FALSE,0,0,0,0,0,0,0,0,0,0,1,0,0,0,0,0,0,0,0,0,0,0,0,0,0,0,0,0,0,0,NaN,0,0,0,0,0,NaN,NaN,1,0,0,0,0,0,0,0,NaN,0,0,0,0,0,NaN,0,0,0.00.0,0,0,0,0,0,0,1,0,0,0,0,0,0,0,0,0,0,0,0,0
00-0033943,Josh Reynolds,LA,WR,2017,1,TRUE,0,0,0,0,0,0,0,0,0,0,0,0,0,0,0,0,0,0,0,0,0,0,0,0,0,0,0,0,0,0,NaN,0,0,0,0,0,NaN,NaN,0,0,0,0,0,0,NaN,NaN,NaN,0,0,0,0,0,NaN,0,0,0.00.0,0,0,0,0,0,0,0,0,0,0,0,0,0,0,0,0,0,0,0,0
00-0033948,Jamaal Williams,GB,RB,2017,1,TRUE,0,0,0,0,0,0,0,0,0,0,0,0,0,0,0,0,0,0,0,2,9,4,0,0,0,0,0,0.9,0,0,NaN,0,0,0,0,0,NaN,NaN,0,0,0,0,0,0,NaN,NaN,NaN,2,9,0,0,0,Infinity,0,0,0.90.0,0,0,0,0,0,0,0,0,0,0,0,0,2,9,0,0,0,0,0,0.9
00-0033951,Marlon Mack,IND,RB,2017,1,FALSE,0,0,0,0,0,0,0,0,0,0,1,1,1,21,21,0,24,0,0,10,24,2,0,1,0,1,0,9.5,0,0,NaN,0,0,0,0,0,NaN,NaN,1,1,21,24,0,0,1,21,21,10,24,0,0,0,Infinity,1,0,9.50.0,0,0,0,0,0,0,1,1,21,24,0,0,10,24,0,1,0,1,0,9.5
